variable,n,formula,F,df_num,df_den,p_param,p_hc3,p_perm,eta2p,eta2p_ic_low,eta2p_ic_high,p_kw,shapiro_p,levene_p,n_Vestibular,n_MPPP,media_MPPP,media_Vestibular,MPPP_vs_Vestibular_dif,MPPP_vs_Vestibular_d,MPPP_vs_Vestibular_d_ic_low,MPPP_vs_Vestibular_d_ic_high,MPPP_vs_Vestibular_p,etapa,roi_n,roi,tipo,atlas,medida,hemi,familia_fdr,compuesta,ajusta_etiv,n_esperado,etapa_origen,modelo,p_fdr,sobrevive_fdr,n_familia
1_comp_thickness_lh,36,"Q('1_comp_thickness_lh') ~ C(Grupo, Treatment(reference='Vestibular')) + Edad + C(Genero) + N_Educacional",0.172229113684072,1,31,0.6809965296624254,0.6935180686623302,0.681031896810319,0.00552508173399978,5.747701815354403e-08,0.06664604797142787,0.6920355168654702,0.34353742728181474,0.5860367505008583,19,17,2.767667612871746,2.7862645779361888,-0.01627856225471036,-0.14055267008762978,-0.8719987302669587,0.5812500572538278,0.6809965296624663,AD,1,Ínsula posterior,C,DS,thickness,lh,A1_thickness,True,False,46,A1,AD_sin_ansiedad,0.9571812049564273,False,14
1_comp_thickness_rh,36,"Q('1_comp_thickness_rh') ~ C(Grupo, Treatment(reference='Vestibular')) + Edad + C(Genero) + N_Educacional",0.020331451054355174,1,31,0.8875380030485154,0.8969437877020855,0.8888111188881112,0.0006554233982456085,5.9109705775288045e-08,0.0049005823258134506,0.7876649183903306,0.3111344872822895,0.38338279469742037,19,17,2.8528683128881704,2.8528447077426624,0.005189782024806577,0.04829142319545825,-0.6921379847018517,0.7378928561989133,0.8875380030485002,AD,1,Ínsula posterior,C,DS,thickness,rh,A1_thickness,True,False,46,A1,AD_sin_ansiedad,0.9571812049564273,False,14
1_comp_area_lh,36,"Q('1_comp_area_lh') ~ C(Grupo, Treatment(reference='Vestibular')) + Edad + C(Genero) + N_Educacional + eTIV",2.540123453737419,1,30,0.12146901996008425,0.177684984718167,0.11348865113488651,0.07806127279599093,2.62533156726266e-05,0.32777805799734977,0.10950396340823117,0.49072081926022065,0.7021934730621338,19,17,1631.8823529411766,1688.8947368421052,-46.803701888832165,-0.5423762087073941,-1.3149131707124135,0.37326950659024205,0.12146901996008623,AD,1,Ínsula posterior,C,DS,area,lh,A1_area,True,True,46,A1,AD_sin_ansiedad,0.422057794220578,False,14
1_comp_area_rh,36,"Q('1_comp_area_rh') ~ C(Grupo, Treatment(reference='Vestibular')) + Edad + C(Genero) + N_Educacional + eTIV",0.8872686471975746,1,30,0.3537424879196281,0.3885718248469027,0.35166483351664835,0.0287260313410094,3.850156117078989e-06,0.2021645935529713,0.3835011923656185,0.6030271932392577,0.45420820799972905,19,17,1362.235294117647,1391.157894736842,-31.114890746708,-0.32055369435113146,-1.002095119076485,0.5419704630472387,0.35374248791962193,AD,1,Ínsula posterior,C,DS,area,rh,A1_area,True,True,46,A1,AD_sin_ansiedad,0.7443255674432556,False,14
1_comp_volume_lh,36,"Q('1_comp_volume_lh') ~ C(Grupo, Treatment(reference='Vestibular')) + Edad + C(Genero) + N_Educacional + eTIV",2.550634817794811,1,30,0.12073133607997748,0.14389378370494607,0.11698830116988301,0.07835898845206016,0.0001151433933557225,0.30518863910238,0.0785970856181919,0.7559839900520144,0.5715297280084768,19,17,3833.0,3992.7894736842104,-129.88484312104708,-0.5434972620877145,-1.2672826419346228,0.2895817167647254,0.1207313360799774,AD,1,Ínsula posterior,C,DS,volume,lh,A1_volume,True,True,46,A1,AD_sin_ansiedad,0.4114788521147886,False,16
1_comp_volume_rh,36,"Q('1_comp_volume_rh') ~ C(Grupo, Treatment(reference='Vestibular')) + Edad + C(Genero) + N_Educacional + eTIV",0.6236871195266639,1,30,0.43587838232812154,0.4625790824589149,0.4403559644035596,0.02036616678757081,9.567093367737407e-06,0.1649283659590523,0.4375454955608403,0.24209296177466244,0.2896359579451458,19,17,3361.1176470588234,3434.0,-69.83237422661341,-0.268755033113855,-0.9749693439223193,0.5464384028815751,0.43587838232811965,AD,1,Ínsula posterior,C,DS,volume,rh,A1_volume,True,True,46,A1,AD_sin_ansiedad,0.731340199313402,False,16
1_comp_LGI_lh,35,"Q('1_comp_LGI_lh') ~ C(Grupo, Treatment(reference='Vestibular')) + Edad + C(Genero) + N_Educacional",6.673850888153973,1,30,0.014901345319793195,0.018301977938187754,0.0165983401659834,0.18197845948895688,0.002322189922366328,0.42993997574598714,0.09889265136523176,0.8819802096834353,0.8985252068190646,18,17,3.9732834993392627,4.143108244307357,-0.18316708197195364,-0.8851556560168242,-1.6325057283821485,-0.015015969029097161,0.014901345319793076,AD,1,Ínsula posterior,C,DS,LGI,lh,A1_LGI,True,False,45,A1,AD_sin_ansiedad,0.04647535246475352,True,14
1_comp_LGI_rh,35,"Q('1_comp_LGI_rh') ~ C(Grupo, Treatment(reference='Vestibular')) + Edad + C(Genero) + N_Educacional",9.160151653958057,1,30,0.005040862896632072,0.010175579975164446,0.0046995300469953,0.2339151220583235,0.017262360281598225,0.44645844274308616,0.07470593331212996,0.08314859533864094,0.32649121790955277,18,17,4.023037840423349,4.221812744518153,-0.20122148568533738,-1.037009490882294,-1.7302110138040974,-0.16256820394512023,0.005040862896631863,AD,1,Ínsula posterior,C,DS,LGI,rh,A1_LGI,True,False,45,A1,AD_sin_ansiedad,0.04339566043395661,True,14
2_supramarginal_thickness_lh,36,"Q('2_supramarginal_thickness_lh') ~ C(Grupo, Treatment(reference='Vestibular')) + Edad + C(Genero) + N_Educacional",0.25173834996717354,1,31,0.6193986486710825,0.65389191163948,0.6251374862513749,0.00805517911189852,1.313664304323109e-07,0.08123821839830846,0.5576519882816194,0.936689663985917,0.24061804847138904,19,17,2.6505294117647056,2.6411052631578946,0.01779504271421528,0.16992626342565567,-0.619925721661911,1.0243379242342967,0.6193986486710596,AD,2,Giro supramarginal,C,DKT,thickness,lh,A1_thickness,False,False,46,A1,AD_sin_ansiedad,0.9571812049564273,False,14
2_supramarginal_thickness_rh,36,"Q('2_supramarginal_thickness_rh') ~ C(Grupo, Treatment(reference='Vestibular')) + Edad + C(Genero) + N_Educacional",0.11642584423667375,1,31,0.7352457412449142,0.7581482242522464,0.7288271172882712,0.0037416200954274417,7.142193050933065e-09,0.04073554166975786,0.7876382402792166,0.8579539343345132,0.6795676484343,19,17,2.6468823529411765,2.6676315789473684,-0.011631075173816452,-0.11556079340605159,-0.8143890091903979,0.6721176605916687,0.7352457412449439,AD,2,Giro supramarginal,C,DKT,thickness,rh,A1_thickness,False,False,46,A1,AD_sin_ansiedad,0.9571812049564273,False,14
2_supramarginal_area_lh,36,"Q('2_supramarginal_area_lh') ~ C(Grupo, Treatment(reference='Vestibular')) + Edad + C(Genero) + N_Educacional + eTIV",1.6667056192596044,1,30,0.2065605850536273,0.2788242531278918,0.2034796520347965,0.052632744286665506,8.695098229087378e-05,0.28840421436095487,0.7155543412978354,0.7414165145748308,0.5782828417272159,19,17,3644.0,3834.157894736842,-161.93233844763506,-0.43934194520781256,-1.2024317344877375,0.3587900515027758,0.20656058505362754,AD,2,Giro supramarginal,C,DKT,area,lh,A1_area,False,True,46,A1,AD_sin_ansiedad,0.5697430256974302,False,14
2_supramarginal_area_rh,36,"Q('2_supramarginal_area_rh') ~ C(Grupo, Treatment(reference='Vestibular')) + Edad + C(Genero) + N_Educacional + eTIV",2.54337757080822,1,30,0.12124008940701578,0.17036411519166936,0.12058794120587941,0.07815346041677182,2.2483559224128927e-05,0.28778337644787066,0.2812812265466296,0.22042024426388807,0.6533158415443531,19,17,3363.9411764705883,3605.3684210526317,-189.81175225173678,-0.5427235128460296,-1.205491175887095,0.4635456103330694,0.12124008940701714,AD,2,Giro supramarginal,C,DKT,area,rh,A1_area,False,True,46,A1,AD_sin_ansiedad,0.422057794220578,False,14
2_supramarginal_volume_lh,36,"Q('2_supramarginal_volume_lh') ~ C(Grupo, Treatment(reference='Vestibular')) + Edad + C(Genero) + N_Educacional + eTIV",0.7956495401471074,1,30,0.37949633515174014,0.44208296834019545,0.37816218378162186,0.02583642663908906,4.208469730182746e-06,0.1833823754225242,0.4956930259286003,0.9479859170831844,0.4075224834974648,19,17,10072.64705882353,10534.052631578947,-338.1533845846559,-0.303552718636702,-1.0152925236218873,0.586826838311939,0.3794963351517429,AD,2,Giro supramarginal,C,DKT,volume,lh,A1_volume,False,True,46,A1,AD_sin_ansiedad,0.731340199313402,False,16
2_supramarginal_volume_rh,36,"Q('2_supramarginal_volume_rh') ~ C(Grupo, Treatment(reference='Vestibular')) + Edad + C(Genero) + N_Educacional + eTIV",2.44843270427973,1,30,0.1281309734965049,0.1901278061189007,0.12858714128587143,0.07545611606556266,8.159530890976968e-06,0.3079037165403021,0.14062420591550992,0.03970138837606945,0.9890612160838518,19,17,9266.235294117647,10013.736842105263,-590.7960906767146,-0.532497170778424,-1.273181026166083,0.47988790129511477,0.1281309734965054,AD,2,Giro supramarginal,C,DKT,volume,rh,A1_volume,False,True,46,A1,AD_sin_ansiedad,0.4114788521147886,False,16
2_supramarginal_LGI_lh,35,"Q('2_supramarginal_LGI_lh') ~ C(Grupo, Treatment(reference='Vestibular')) + Edad + C(Genero) + N_Educacional",6.557933734984686,1,30,0.015713636087210943,0.017598728014846788,0.0156984301569843,0.17938469341632862,0.004667021508476608,0.4067571380582161,0.05770718749402907,0.44180145425977985,0.3871156562315836,18,17,3.282705882352941,3.397444444444444,-0.11515410728197539,-0.8774349136109699,-1.552139980341756,-0.07176352649966015,0.01571363608721112,AD,2,Giro supramarginal,C,DKT,LGI,lh,A1_LGI,False,False,45,A1,AD_sin_ansiedad,0.04647535246475352,True,14
2_supramarginal_LGI_rh,35,"Q('2_supramarginal_LGI_rh') ~ C(Grupo, Treatment(reference='Vestibular')) + Edad + C(Genero) + N_Educacional",5.227157855619808,1,30,0.02946835131396773,0.039059912318108896,0.029697030296970302,0.1483843197638471,0.0010713139462949757,0.3843905652645975,0.10582627217257615,0.34350645829327847,0.36504412032435246,18,17,3.2535882352941177,3.3644444444444446,-0.09960140014584129,-0.7833650780084659,-1.4613855022692044,0.14368899419696998,0.029468351313966724,AD,2,Giro supramarginal,C,DKT,LGI,rh,A1_LGI,False,False,45,A1,AD_sin_ansiedad,0.059394060593940604,False,14
3_superiortemporal_thickness_lh,36,"Q('3_superiortemporal_thickness_lh') ~ C(Grupo, Treatment(reference='Vestibular')) + Edad + C(Genero) + N_Educacional",0.03691048145122806,1,31,0.8489004156120209,0.8629325514139867,0.8501149885011499,0.0011892447050516539,4.5999076091301666e-08,0.013327163355724966,0.8865964008204282,0.20555765469175086,0.7497350706414316,19,17,2.864235294117647,2.878842105263158,-0.008794535646548307,-0.06506698330560493,-0.8693246816540424,0.6993691948662794,0.8489004156120243,AD,3,Temporal superior,C,DKT,thickness,lh,A1_thickness,False,False,46,A1,AD_sin_ansiedad,0.9571812049564273,False,14
3_superiortemporal_thickness_rh,36,"Q('3_superiortemporal_thickness_rh') ~ C(Grupo, Treatment(reference='Vestibular')) + Edad + C(Genero) + N_Educacional",0.05407897070812864,1,31,0.8176402589731449,0.8304374959320286,0.818018198180182,0.001741445004990772,1.4355537644205491e-08,0.017331317575108116,0.7876515805913492,0.24188080519144023,0.487987377641257,19,17,2.9121176470588237,2.9322105263157896,-0.010263082883547492,-0.07875896957861495,-0.8524253196426342,0.65553198941719,0.8176402589731497,AD,3,Temporal superior,C,DKT,thickness,rh,A1_thickness,False,False,46,A1,AD_sin_ansiedad,0.9571812049564273,False,14
3_superiortemporal_area_lh,36,"Q('3_superiortemporal_area_lh') ~ C(Grupo, Treatment(reference='Vestibular')) + Edad + C(Genero) + N_Educacional + eTIV",0.5434907236817209,1,30,0.4667167378180774,0.48108945481965987,0.46935306469353066,0.017793995080605782,1.9770138380296617e-06,0.1249828919446176,0.5366366481831104,0.008473297093786341,0.19748759401113714,19,17,5157.235294117647,5271.421052631579,-87.32572307537112,-0.2508818749595282,-0.8903114662607013,0.5385437093102541,0.4667167378180731,AD,3,Temporal superior,C,DKT,area,lh,A1_area,False,True,46,A1,AD_sin_ansiedad,0.8213678632136787,False,14
3_superiortemporal_area_rh,36,"Q('3_superiortemporal_area_rh') ~ C(Grupo, Treatment(reference='Vestibular')) + Edad + C(Genero) + N_Educacional + eTIV",2.5743837501172337,1,30,0.11908370091329837,0.1283267431962428,0.11528847115288471,0.07903092718087011,0.00048141299183848826,0.28471836895486696,0.2474378074811281,0.2786833892413706,0.47065760253462857,19,17,4761.470588235294,4983.9473684210525,-190.67991546607118,-0.5460216480410246,-1.155861870859535,0.20272757338331113,0.11908370091329896,AD,3,Temporal superior,C,DKT,area,rh,A1_area,False,True,46,A1,AD_sin_ansiedad,0.422057794220578,False,14
3_superiortemporal_volume_lh,36,"Q('3_superiortemporal_volume_lh') ~ C(Grupo, Treatment(reference='Vestibular')) + Edad + C(Genero) + N_Educacional + eTIV",0.2607556440409942,1,30,0.6133387826963613,0.6386175738279399,0.6193380661933806,0.008616957458309298,1.7541632748905945e-08,0.08013154237055917,0.6458971906446955,0.11517006457188117,0.09179145500516232,19,17,16073.117647058823,16440.157894736843,-208.67452886603996,-0.17377611248877098,-0.8272356276463305,0.6590494748997494,0.6133387826963658,AD,3,Temporal superior,C,DKT,volume,lh,A1_volume,False,True,46,A1,AD_sin_ansiedad,0.731340199313402,False,16
3_superiortemporal_volume_rh,36,"Q('3_superiortemporal_volume_rh') ~ C(Grupo, Treatment(reference='Vestibular')) + Edad + C(Genero) + N_Educacional + eTIV",2.936799141522538,1,30,0.09689887949376526,0.0964067546042454,0.09679032096790322,0.0891646795702195,0.0003140518575506221,0.27171128900441993,0.24740738370624227,0.19844653998681488,0.3010882072230469,19,17,15043.0,16008.473684210527,-801.8337056637151,-0.5831903659463854,-1.1783534917794705,0.18245850642022182,0.09689887949376652,AD,3,Temporal superior,C,DKT,volume,rh,A1_volume,False,True,46,A1,AD_sin_ansiedad,0.4114788521147886,False,16
3_superiortemporal_LGI_lh,35,"Q('3_superiortemporal_LGI_lh') ~ C(Grupo, Treatment(reference='Vestibular')) + Edad + C(Genero) + N_Educacional",7.50209983827675,1,30,0.010270278894486524,0.013989075176019522,0.0108989101089891,0.20004479404163084,0.011379399556850156,0.4717757355279019,0.031915293562807194,0.21847246255974961,0.6361764155073647,18,17,3.4610000000000003,3.5862777777777777,-0.12978161897076768,-0.9384752398599553,-1.697345233971264,-0.13208226755560915,0.010270278894486349,AD,3,Temporal superior,C,DKT,LGI,lh,A1_LGI,False,False,45,A1,AD_sin_ansiedad,0.04647535246475352,True,14
3_superiortemporal_LGI_rh,35,"Q('3_superiortemporal_LGI_rh') ~ C(Grupo, Treatment(reference='Vestibular')) + Edad + C(Genero) + N_Educacional",9.127718589991103,1,30,0.005109537658123308,0.00954571792507845,0.006199380061993801,0.23328011238370486,0.02774325316514434,0.4690972883010094,0.04236216874888649,0.3164461277850541,0.43745271565235605,18,17,3.417470588235294,3.5597222222222222,-0.14200927810778197,-1.0351720093413375,-1.744778450204158,-0.22765235301582212,0.0051095376581232815,AD,3,Temporal superior,C,DKT,LGI,rh,A1_LGI,False,False,45,A1,AD_sin_ansiedad,0.04339566043395661,True,14
4_Hippocampus_volume_lh,36,"Q('4_Hippocampus_volume_lh') ~ C(Grupo, Treatment(reference='Vestibular')) + Edad + C(Genero) + N_Educacional + eTIV",3.0502389253037885,1,30,0.09095852610324352,0.13303986902641338,0.09659034096590341,0.09229097956591402,0.00016712498412694876,0.3476348137489963,0.14936360387020636,0.20419044384303436,0.10338515483143466,19,17,4022.329411764706,4254.652631578947,-210.94838877619048,-0.5943471003230031,-1.3589429863478153,0.26554221191953803,0.09095852610324458,AD,4,Hipocampo,S,aseg,volume,lh,A1_volume,False,True,46,A1,AD_sin_ansiedad,0.4114788521147886,False,16
4_Hippocampus_volume_rh,36,"Q('4_Hippocampus_volume_rh') ~ C(Grupo, Treatment(reference='Vestibular')) + Edad + C(Genero) + N_Educacional + eTIV",0.2598172650778542,1,30,0.6139752728845431,0.6725591394503487,0.6131386861313869,0.00858621394841347,1.1776525086940091e-08,0.08387736847454366,0.3664755634917408,0.8441708028439047,0.33941351246067925,19,17,4231.641176470588,4322.452631578947,-63.130793838976615,-0.17346314741159172,-0.9409745968443982,0.7649948265716799,0.6139752728845487,AD,4,Hipocampo,S,aseg,volume,rh,A1_volume,False,True,46,A1,AD_sin_ansiedad,0.731340199313402,False,16
5_parahippocampal_thickness_lh,36,"Q('5_parahippocampal_thickness_lh') ~ C(Grupo, Treatment(reference='Vestibular')) + Edad + C(Genero) + N_Educacional",2.34088932592675,1,31,0.1361591440428815,0.16995213656967384,0.1371862813718628,0.07021076441732503,0.00010411838217326303,0.27915929364231357,0.09302432195047237,0.3570071103850593,0.16500008301575256,19,17,2.6882941176470587,2.793,-0.10209400755289405,-0.5181747632848167,-1.1966496120722725,0.2673213486581906,0.13615914404288315,AD,5,Corteza parahipocampal,C,DKT,thickness,lh,A1_thickness,False,False,46,A1,AD_sin_ansiedad,0.9571812049564273,False,14
5_parahippocampal_thickness_rh,36,"Q('5_parahippocampal_thickness_rh') ~ C(Grupo, Treatment(reference='Vestibular')) + Edad + C(Genero) + N_Educacional",1.1419197921886992,1,31,0.2934979284900542,0.30324746896239063,0.2957704229577042,0.035527429586399956,4.6935196266576405e-06,0.19349560310206926,0.2956736745244875,0.25208958355156286,0.190310110611266,19,17,2.6282352941176472,2.6924736842105266,-0.05623110702081652,-0.36191252821245756,-0.9640679183399855,0.415234320539685,0.29349792849005735,AD,5,Corteza parahipocampal,C,DKT,thickness,rh,A1_thickness,False,False,46,A1,AD_sin_ansiedad,0.9571812049564273,False,14
5_parahippocampal_area_lh,36,"Q('5_parahippocampal_area_lh') ~ C(Grupo, Treatment(reference='Vestibular')) + Edad + C(Genero) + N_Educacional + eTIV",0.020507244240172622,1,30,0.8870870125689728,0.8807341502853878,0.8866113388661134,0.0006831078526865067,4.0874969807644334e-11,0.0066610995533634395,0.9873582166731113,0.0476606756830222,0.2548232416635197,19,17,703.9411764705883,718.578947368421,-3.2350668486327265,-0.04873341780419821,-0.7132058077924358,0.6975657380512668,0.8870870125689735,AD,5,Corteza parahipocampal,C,DKT,area,lh,A1_area,False,True,46,A1,AD_sin_ansiedad,0.9081091890810918,False,14
5_parahippocampal_area_rh,36,"Q('5_parahippocampal_area_rh') ~ C(Grupo, Treatment(reference='Vestibular')) + Edad + C(Genero) + N_Educacional + eTIV",0.20137890217638535,1,30,0.6568349557345102,0.6697047986463717,0.6596340365963403,0.006667871120343896,4.246464134637757e-08,0.08128706035311561,0.5576519882816194,0.8837583740864596,0.21963384521719695,19,17,672.9411764705883,669.2631578947369,8.791296087977543,0.1527144749036232,-0.5660952222705744,0.9113507251729542,0.6568349557345043,AD,5,Corteza parahipocampal,C,DKT,area,rh,A1_area,False,True,46,A1,AD_sin_ansiedad,0.8395342283953423,False,14
5_parahippocampal_volume_lh,36,"Q('5_parahippocampal_volume_lh') ~ C(Grupo, Treatment(reference='Vestibular')) + Edad + C(Genero) + N_Educacional + eTIV",1.8587825641307938,1,30,0.18291021587214576,0.17628346187329336,0.18448155184481552,0.05834443172425434,2.629451018351076e-05,0.23263934173651168,0.14936360387020636,0.31888094362796215,0.5789399199842872,19,17,2100.0588235294117,2252.1052631578946,-117.82177986339445,-0.4639674504275398,-1.0396487273800699,0.32533526170164145,0.18291021587214504,AD,5,Corteza parahipocampal,C,DKT,volume,lh,A1_volume,False,True,46,A1,AD_sin_ansiedad,0.49195080491950804,False,16
5_parahippocampal_volume_rh,36,"Q('5_parahippocampal_volume_rh') ~ C(Grupo, Treatment(reference='Vestibular')) + Edad + C(Genero) + N_Educacional + eTIV",0.17571285406152054,1,30,0.6780701042436826,0.7085165804797542,0.6856314368563143,0.005822989332888961,6.1914411355298225e-09,0.06083719277148257,0.5576773460796447,0.07194174479673097,0.9932029515447802,19,17,1933.6470588235295,1971.578947368421,-25.50248001770376,-0.14265105411604495,-0.8523426084812541,0.7160341061006539,0.6780701042436854,AD,5,Corteza parahipocampal,C,DKT,volume,rh,A1_volume,False,True,46,A1,AD_sin_ansiedad,0.731340199313402,False,16
5_parahippocampal_LGI_lh,35,"Q('5_parahippocampal_LGI_lh') ~ C(Grupo, Treatment(reference='Vestibular')) + Edad + C(Genero) + N_Educacional",6.157736116851849,1,30,0.018911282667364148,0.031222510534513866,0.019998000199980003,0.1703020370786418,0.0010604580836091556,0.4495374639653163,0.024790685440730445,0.2766932673263033,0.8299913916127319,18,17,2.6155882352941178,2.6970555555555555,-0.0820166146025893,-0.850240789690656,-1.6649198261206606,0.1348945010652173,0.01891128266736437,AD,5,Corteza parahipocampal,C,DKT,LGI,lh,A1_LGI,False,False,45,A1,AD_sin_ansiedad,0.04666200046662001,True,14
5_parahippocampal_LGI_rh,35,"Q('5_parahippocampal_LGI_rh') ~ C(Grupo, Treatment(reference='Vestibular')) + Edad + C(Genero) + N_Educacional",1.5430075322597405,1,30,0.22379386218885444,0.2755201899244928,0.2196780321967803,0.04891757802998564,7.240000586133126e-05,0.2494748960797553,0.3908218591695053,0.5530790975274227,0.790422672107156,18,17,2.6827647058823527,2.733888888888889,-0.054105997789370364,-0.4256135268678007,-1.1653615967753983,0.3346676344052183,0.223793862188853,AD,5,Corteza parahipocampal,C,DKT,LGI,rh,A1_LGI,False,False,45,A1,AD_sin_ansiedad,0.27959022279590223,False,14
6_entorhinal_thickness_lh,36,"Q('6_entorhinal_thickness_lh') ~ C(Grupo, Treatment(reference='Vestibular')) + Edad + C(Genero) + N_Educacional",0.09327812663591978,1,31,0.7620917639172031,0.7630293167550347,0.7665233476652334,0.0029999450767467803,7.46702247942394e-10,0.03152821285141104,0.8121237674963263,0.3569430502591786,0.078329294401242,19,17,2.799,2.805,-0.01614147680200745,-0.1034369543942371,-0.7879652457540386,0.5888013040253574,0.7620917639172201,AD,6,Corteza entorrinal,C,DKT,thickness,lh,A1_thickness,False,False,46,A1,AD_sin_ansiedad,0.9571812049564273,False,14
6_entorhinal_thickness_rh,36,"Q('6_entorhinal_thickness_rh') ~ C(Grupo, Treatment(reference='Vestibular')) + Edad + C(Genero) + N_Educacional",0.0001672143704264534,1,31,0.9897655950091618,0.9916327162990964,0.9902009799020098,5.3939828540324644e-06,1.1009688269603567e-07,6.783560579475564e-07,0.911690583456612,0.09761912116074384,0.37009970193460245,19,17,2.818588235294118,2.8252105263157894,-0.0007563161407833086,-0.004379480692320006,-0.880629959774483,0.745109458476041,0.9897655950094164,AD,6,Corteza entorrinal,C,DKT,thickness,rh,A1_thickness,False,False,46,A1,AD_sin_ansiedad,0.9902009799020098,False,14
6_entorhinal_area_lh,36,"Q('6_entorhinal_area_lh') ~ C(Grupo, Treatment(reference='Vestibular')) + Edad + C(Genero) + N_Educacional + eTIV",0.8517407298636044,1,30,0.363423863843926,0.4011380386285761,0.3721627837216278,0.027607542061286145,1.7079750635170338e-05,0.1954663726453719,0.3834705788454754,0.9697622665561761,0.574129805657752,19,17,413.7647058823529,435.2105263157895,-18.899589079035096,-0.3140703413166773,-1.0052413974001422,0.6117734999410405,0.36342386384392816,AD,6,Corteza entorrinal,C,DKT,area,lh,A1_area,False,True,46,A1,AD_sin_ansiedad,0.7443255674432556,False,14
6_entorhinal_area_rh,36,"Q('6_entorhinal_area_rh') ~ C(Grupo, Treatment(reference='Vestibular')) + Edad + C(Genero) + N_Educacional + eTIV",0.19437612513104607,1,30,0.6624600291093866,0.6557205657904552,0.6566343365663434,0.006437494330914992,4.979508193048454e-07,0.06963530187051466,0.42807239992518,0.4058403738219332,0.0798827759533529,19,17,391.3529411764706,384.2631578947368,8.51430323359989,0.1500357241912222,-0.5648685919249007,0.9417600256386234,0.6624600291093914,AD,6,Corteza entorrinal,C,DKT,area,rh,A1_area,False,True,46,A1,AD_sin_ansiedad,0.8395342283953423,False,14
6_entorhinal_volume_lh,36,"Q('6_entorhinal_volume_lh') ~ C(Grupo, Treatment(reference='Vestibular')) + Edad + C(Genero) + N_Educacional + eTIV",0.32891596409036594,1,30,0.5705728419697497,0.5965418004508551,0.5724427557244276,0.010844962756987576,8.194917183250697e-08,0.10638214918157042,0.3499004639266293,0.9729953080992721,0.3551227841271091,19,17,1397.9411764705883,1442.5263157894738,-40.026305759226574,-0.1951711832425088,-0.9120294540521525,0.6325222736211455,0.570572841969751,AD,6,Corteza entorrinal,C,DKT,volume,lh,A1_volume,False,True,46,A1,AD_sin_ansiedad,0.731340199313402,False,16
6_entorhinal_volume_rh,36,"Q('6_entorhinal_volume_rh') ~ C(Grupo, Treatment(reference='Vestibular')) + Edad + C(Genero) + N_Educacional + eTIV",0.42264007146002747,1,30,0.5205703311556436,0.5396899189363602,0.5232476752324767,0.013892287798405536,3.311177736555174e-06,0.12316741049944464,0.5577280486714316,0.5558935131685677,0.08962827490774142,19,17,1322.5882352941176,1296.0526315789473,37.14565112426516,0.22123740424406566,-0.5353769832056158,0.9222888674737446,0.5205703311556418,AD,6,Corteza entorrinal,C,DKT,volume,rh,A1_volume,False,True,46,A1,AD_sin_ansiedad,0.731340199313402,False,16
6_entorhinal_LGI_lh,35,"Q('6_entorhinal_LGI_lh') ~ C(Grupo, Treatment(reference='Vestibular')) + Edad + C(Genero) + N_Educacional",1.747644721747913,1,30,0.19616514282729133,0.22422656757491707,0.196980301969803,0.055048011815211406,2.3542003273874562e-05,0.252102669586763,0.23476366282766428,0.6810767350652542,0.7449281839716472,18,17,2.409235294117647,2.443722222222222,-0.042336232295567156,-0.45295804132273926,-1.1481910716969272,0.39481296382736814,0.19616514282729203,AD,6,Corteza entorrinal,C,DKT,LGI,lh,A1_LGI,False,False,45,A1,AD_sin_ansiedad,0.27959022279590223,False,14
6_entorhinal_LGI_rh,35,"Q('6_entorhinal_LGI_rh') ~ C(Grupo, Treatment(reference='Vestibular')) + Edad + C(Genero) + N_Educacional",1.358439076809496,1,30,0.2529916777219334,0.29962420526607475,0.25177482251774824,0.0433197288130997,8.434967054100888e-06,0.24630838578952494,0.22816410583167698,0.5524737163630471,0.9246340427370535,18,17,2.472235294117647,2.5171111111111113,-0.044233148046335935,-0.39934797099593106,-1.1639171732142715,0.45042931212251175,0.25299167772192827,AD,6,Corteza entorrinal,C,DKT,LGI,rh,A1_LGI,False,False,45,A1,AD_sin_ansiedad,0.28643289517202125,False,14
7_precuneus_thickness_lh,36,"Q('7_precuneus_thickness_lh') ~ C(Grupo, Treatment(reference='Vestibular')) + Edad + C(Genero) + N_Educacional",0.06949574729027651,1,31,0.793816888692131,0.8141190454472833,0.7895210478952105,0.002236783881384286,8.644204367198776e-10,0.019929692103127353,0.874087808866506,0.7058639331663462,0.4023262642780959,19,17,2.4691176470588236,2.468736842105263,0.009780595855507224,0.08928220996789282,-0.6620866608450818,0.8783226846558166,0.7938168886921125,AD,7,Precúneo,C,DKT,thickness,lh,A1_thickness,False,False,46,A1,AD_sin_ansiedad,0.9571812049564273,False,14
7_precuneus_thickness_rh,36,"Q('7_precuneus_thickness_rh') ~ C(Grupo, Treatment(reference='Vestibular')) + Edad + C(Genero) + N_Educacional",0.19103971911799583,1,31,0.6650824072776228,0.678375685825547,0.6665333466653335,0.0061248269002363975,6.958812522746948e-08,0.0671917478582656,0.7037231765653215,0.7379557032332116,0.8175619799712567,19,17,2.498117647058823,2.483263157894737,0.01613001021558086,0.14802928875794563,-0.6193660312710086,0.8397832674534221,0.665082407277611,AD,7,Precúneo,C,DKT,thickness,rh,A1_thickness,False,False,46,A1,AD_sin_ansiedad,0.9571812049564273,False,14
7_precuneus_area_lh,36,"Q('7_precuneus_area_lh') ~ C(Grupo, Treatment(reference='Vestibular')) + Edad + C(Genero) + N_Educacional + eTIV",0.23286194435464,1,30,0.6329123699001669,0.6435762172580034,0.6331366863313669,0.007702279221306806,2.4076468097558195e-08,0.08298437862266145,0.7393301274360712,0.24087199334960163,0.6371890309785901,19,17,3780.4117647058824,3775.9473684210525,60.29228779176378,0.16421865032715482,-0.5615650299329552,0.8883271022721506,0.6329123699001616,AD,7,Precúneo,C,DKT,area,lh,A1_area,False,True,46,A1,AD_sin_ansiedad,0.8395342283953423,False,14
7_precuneus_area_rh,36,"Q('7_precuneus_area_rh') ~ C(Grupo, Treatment(reference='Vestibular')) + Edad + C(Genero) + N_Educacional + eTIV",0.013776528096340043,1,30,0.9073464203961309,0.9147480586756839,0.9081091890810918,0.0004590068191999641,1.8567823232465987e-08,0.003096966053945107,0.8368151279952135,0.2214814397950468,0.6470269908760403,19,17,4092.5882352941176,4167.578947368421,16.808149165387476,0.0399432234508625,-0.6912521108164132,0.8066854187428719,0.9073464203961789,AD,7,Precúneo,C,DKT,area,rh,A1_area,False,True,46,A1,AD_sin_ansiedad,0.9081091890810918,False,14
7_precuneus_volume_lh,36,"Q('7_precuneus_volume_lh') ~ C(Grupo, Treatment(reference='Vestibular')) + Edad + C(Genero) + N_Educacional + eTIV",0.24761570329713442,1,30,0.6223868876686771,0.6264387448685432,0.619038096190381,0.008186288325203205,4.6946059528781413e-07,0.08872534276111327,0.8616442690880997,0.3575722452265139,0.6274847220349062,19,17,9555.35294117647,9622.894736842105,139.17215030242687,0.1693410742175713,-0.5540663494922345,0.9235945727161957,0.6223868876686646,AD,7,Precúneo,C,DKT,volume,lh,A1_volume,False,True,46,A1,AD_sin_ansiedad,0.731340199313402,False,16
7_precuneus_volume_rh,36,"Q('7_precuneus_volume_rh') ~ C(Grupo, Treatment(reference='Vestibular')) + Edad + C(Genero) + N_Educacional + eTIV",0.18422004944811587,1,30,0.6708381534064978,0.7039607065296676,0.662033796620338,0.006103190645520229,5.943507737933293e-08,0.06938132871733749,0.9368585552158019,0.21529490856618388,0.8440623164945287,19,17,10336.35294117647,10436.78947368421,144.89427191605864,0.1460634875347351,-0.5789344318987636,0.9669516693078289,0.6708381534064995,AD,7,Precúneo,C,DKT,volume,rh,A1_volume,False,True,46,A1,AD_sin_ansiedad,0.731340199313402,False,16
7_precuneus_LGI_lh,35,"Q('7_precuneus_LGI_lh') ~ C(Grupo, Treatment(reference='Vestibular')) + Edad + C(Genero) + N_Educacional",1.2858168342762641,1,30,0.26580055362621663,0.30201139214043354,0.265973402659734,0.04109903350413861,1.5922614446403674e-05,0.23304110407354403,0.322102008128892,0.2317799523900828,0.26407493802630405,18,17,2.622176470588235,2.676888888888889,-0.06227555925445638,-0.38852677472895397,-1.0547277360585599,0.4181115932200717,0.2658005536262158,AD,7,Precúneo,C,DKT,LGI,lh,A1_LGI,False,False,45,A1,AD_sin_ansiedad,0.28643289517202125,False,14
7_precuneus_LGI_rh,35,"Q('7_precuneus_LGI_rh') ~ C(Grupo, Treatment(reference='Vestibular')) + Edad + C(Genero) + N_Educacional",0.29320570105809396,1,30,0.5921725218591486,0.6079911284862664,0.5912408759124088,0.009678926157618662,2.4640336088261124e-07,0.09891728157594146,0.40926898610983253,0.6552182918090059,0.5731776967925704,18,17,2.795294117647059,2.828611111111111,-0.03499284095474392,-0.18553147805316578,-0.8850152393093246,0.6402303351662932,0.5921725218591407,AD,7,Precúneo,C,DKT,LGI,rh,A1_LGI,False,False,45,A1,AD_sin_ansiedad,0.5912408759124088,False,14
8_isthmuscingulate_thickness_lh,36,"Q('8_isthmuscingulate_thickness_lh') ~ C(Grupo, Treatment(reference='Vestibular')) + Edad + C(Genero) + N_Educacional",0.7499670469179859,1,31,0.3931398851203697,0.44592395538859614,0.39146085391460855,0.023621033867837864,3.5832065479336754e-05,0.20096289151959912,0.6920167124896993,0.8720399654924174,0.9924501129850892,19,17,2.337705882352941,2.299526315789474,0.0382848852783394,0.2932965183483609,-0.4432913290836943,1.0763879838123036,0.39313988512036785,AD,8,Istmo del cíngulo,C,DKT,thickness,lh,A1_thickness,False,False,46,A1,AD_sin_ansiedad,0.9571812049564273,False,14
8_isthmuscingulate_thickness_rh,36,"Q('8_isthmuscingulate_thickness_rh') ~ C(Grupo, Treatment(reference='Vestibular')) + Edad + C(Genero) + N_Educacional",1.2378292403410838,1,31,0.2744433583427936,0.31833222547960804,0.2726727327267273,0.03839679251083431,0.00014911407309284124,0.23894032586436112,0.31817187095274224,0.8207848213321404,0.20539508788808253,19,17,2.2733529411764706,2.235684210526316,0.03911656696406224,0.37680459113349035,-0.3579248960661806,1.137836174432257,0.2744433583427924,AD,8,Istmo del cíngulo,C,DKT,thickness,rh,A1_thickness,False,False,46,A1,AD_sin_ansiedad,0.9571812049564273,False,14
8_isthmuscingulate_area_lh,36,"Q('8_isthmuscingulate_area_lh') ~ C(Grupo, Treatment(reference='Vestibular')) + Edad + C(Genero) + N_Educacional + eTIV",0.04112029784037945,1,30,0.8406749399254881,0.8535872956117949,0.8375162483751625,0.0013688004119918101,1.2622211543443486e-09,0.013027404431320512,0.5470804674191311,0.42826329075731784,0.4092307951738701,19,17,1017.2352941176471,1040.5263157894738,-6.855354337580536,-0.06900830250301843,-0.8695118120737871,0.7448584232400672,0.8406749399254846,AD,8,Istmo del cíngulo,C,DKT,area,lh,A1_area,False,True,46,A1,AD_sin_ansiedad,0.9081091890810918,False,14
8_isthmuscingulate_area_rh,36,"Q('8_isthmuscingulate_area_rh') ~ C(Grupo, Treatment(reference='Vestibular')) + Edad + C(Genero) + N_Educacional + eTIV",3.0804129529639495,1,30,0.08944915795893786,0.09141369360911734,0.08089191080891911,0.093118938912398,0.001668834581369134,0.35503672859852964,0.3834705788454754,0.5911122429121036,0.32113583787076055,19,17,976.9411764705883,945.1578947368421,44.73970331323284,0.5972796102580495,-0.1694055394821282,1.295356966565703,0.0894491579589369,AD,8,Istmo del cíngulo,C,DKT,area,rh,A1_area,False,True,46,A1,AD_sin_ansiedad,0.422057794220578,False,14
8_isthmuscingulate_volume_lh,36,"Q('8_isthmuscingulate_volume_lh') ~ C(Grupo, Treatment(reference='Vestibular')) + Edad + C(Genero) + N_Educacional + eTIV",0.02618089635996393,1,30,0.8725441715864181,0.879838345229437,0.8659134086591341,0.0008719356101374121,4.60498147678533e-09,0.007480965468560742,0.7393462921707448,0.07566873032467847,0.8084109481571569,19,17,2494.3529411764707,2514.1052631578946,16.065487601425218,0.05506371065898558,-0.6901649045244838,0.8215200175408292,0.8725441715864304,AD,8,Istmo del cíngulo,C,DKT,volume,lh,A1_volume,False,True,46,A1,AD_sin_ansiedad,0.8659134086591341,False,16
8_isthmuscingulate_volume_rh,36,"Q('8_isthmuscingulate_volume_rh') ~ C(Grupo, Treatment(reference='Vestibular')) + Edad + C(Genero) + N_Educacional + eTIV",2.572562438058543,1,30,0.11920913125452368,0.12963516904808284,0.11698830116988301,0.07897943070799676,0.001013645866029867,0.3281552290578922,0.40103522456441165,0.16932024202236184,0.617368782910423,19,17,2377.0,2271.5263157894738,135.1711433095519,0.5458284655433181,-0.16323863356540083,1.3291156342310504,0.11920913125452286,AD,8,Istmo del cíngulo,C,DKT,volume,rh,A1_volume,False,True,46,A1,AD_sin_ansiedad,0.4114788521147886,False,16
8_isthmuscingulate_LGI_lh,35,"Q('8_isthmuscingulate_LGI_lh') ~ C(Grupo, Treatment(reference='Vestibular')) + Edad + C(Genero) + N_Educacional",1.8970359650979611,1,30,0.17860067902785595,0.20522031749345407,0.18138186181381863,0.05947373816092868,0.00011874805741143152,0.27650394441973913,0.13745766443057195,0.09225577658684553,0.10916469922612082,18,17,2.509764705882353,2.585166666666667,-0.07082040432585496,-0.4719208675155477,-1.1709170524055388,0.30298388987515973,0.17860067902785526,AD,8,Istmo del cíngulo,C,DKT,LGI,lh,A1_LGI,False,False,45,A1,AD_sin_ansiedad,0.27959022279590223,False,14
8_isthmuscingulate_LGI_rh,35,"Q('8_isthmuscingulate_LGI_rh') ~ C(Grupo, Treatment(reference='Vestibular')) + Edad + C(Genero) + N_Educacional",1.6313047413390926,1,30,0.21131954316912765,0.24356797765247176,0.21127887211278873,0.05157247716080245,1.3435563199908642e-05,0.2539520443354264,0.2479868217066117,0.38069550555135573,0.8972665700333072,18,17,2.6574705882352943,2.718777777777778,-0.06482566079047719,-0.43762180033853776,-1.1273295862542472,0.4384723241335634,0.21131954316912693,AD,8,Istmo del cíngulo,C,DKT,LGI,rh,A1_LGI,False,False,45,A1,AD_sin_ansiedad,0.27959022279590223,False,14
9_superiorparietal_thickness_lh,36,"Q('9_superiorparietal_thickness_lh') ~ C(Grupo, Treatment(reference='Vestibular')) + Edad + C(Genero) + N_Educacional",0.6357855998105588,1,31,0.4313063705666992,0.47752274249038457,0.42995700429957007,0.02009703845680273,1.976105855517987e-06,0.16506230398698168,0.5057428110670161,0.8873599798475336,0.6105869506186431,19,17,2.396,2.3899473684210526,0.02188817877927368,0.270048121496135,-0.6074520951595441,1.0147987910600609,0.43130637056670384,AD,9,Parietal superior,C,DKT,thickness,lh,A2_thickness,False,False,46,A2,AD_sin_ansiedad,0.9521047895210479,False,18
9_superiorparietal_thickness_rh,36,"Q('9_superiorparietal_thickness_rh') ~ C(Grupo, Treatment(reference='Vestibular')) + Edad + C(Genero) + N_Educacional",0.8755343170122843,1,31,0.3566601391702092,0.3700940419461727,0.35196480351964804,0.02746728284786753,3.2345315098085996e-06,0.19589927146851321,0.6010591356226513,0.19398552647341488,0.8475073545945038,19,17,2.3597647058823528,2.3472631578947367,0.028745150098745176,0.31690011995934925,-0.5217622285833656,0.9989575241498218,0.35666013917020806,AD,9,Parietal superior,C,DKT,thickness,rh,A2_thickness,False,False,46,A2,AD_sin_ansiedad,0.9521047895210479,False,18
9_superiorparietal_area_lh,36,"Q('9_superiorparietal_area_lh') ~ C(Grupo, Treatment(reference='Vestibular')) + Edad + C(Genero) + N_Educacional + eTIV",0.8696190443097597,1,30,0.358505705565401,0.3759747077102391,0.36246375362463756,0.028170708652462552,2.8261493950986798e-05,0.19913611711567522,0.579190451780321,0.6766661927796338,0.2612095451754307,19,17,4346.117647058823,4552.8421052631575,-128.81338135028773,-0.317349442543567,-1.0752209180773136,0.3572170504359294,0.35850570556540184,AD,9,Parietal superior,C,DKT,area,lh,A2_area,False,True,46,A2,AD_sin_ansiedad,0.9320496521776395,False,18
9_superiorparietal_area_rh,36,"Q('9_superiorparietal_area_rh') ~ C(Grupo, Treatment(reference='Vestibular')) + Edad + C(Genero) + N_Educacional + eTIV",0.006564521353878022,1,30,0.9359627899370426,0.9454350103728053,0.936906309369063,0.00021876950789239617,7.0084529486601984e-09,0.0007980397743029091,0.9368545001616723,0.18178208661662426,0.5522339774110115,19,17,4439.411764705882,4511.1578947368425,16.322611171636026,0.027572411500449177,-0.668922108631791,0.9597379082560742,0.9359627899370038,AD,9,Parietal superior,C,DKT,area,rh,A2_area,False,True,46,A2,AD_sin_ansiedad,1.0,False,18
9_superiorparietal_volume_lh,36,"Q('9_superiorparietal_volume_lh') ~ C(Grupo, Treatment(reference='Vestibular')) + Edad + C(Genero) + N_Educacional + eTIV",0.19649004302187129,1,30,0.6607493349150454,0.677637563213833,0.6631336866313369,0.006507049088881716,3.3665849840138467e-07,0.0638179814574432,0.6010825530330706,0.3925050957579297,0.5865653089726062,19,17,11022.588235294117,11503.947368421053,-168.0912156645668,-0.15084936717268088,-0.8939705595348231,0.5409009387586456,0.6607493349150425,AD,9,Parietal superior,C,DKT,volume,lh,A2_volume,False,True,46,A2,AD_sin_ansiedad,0.8897655688976558,False,24
9_superiorparietal_volume_rh,36,"Q('9_superiorparietal_volume_rh') ~ C(Grupo, Treatment(reference='Vestibular')) + Edad + C(Genero) + N_Educacional + eTIV",0.05513562574900867,1,30,0.8159517178263301,0.8446562820398048,0.8154184581541846,0.0018344826799507954,2.72477439472195e-10,0.018363360580267277,0.9620897789439782,0.4384985266148758,0.3660175159145308,19,17,11048.529411764706,11244.578947368422,124.00101214793835,0.07990783656306666,-0.6469786746280654,0.9858675731326898,0.8159517178263475,AD,9,Parietal superior,C,DKT,volume,rh,A2_volume,False,True,46,A2,AD_sin_ansiedad,0.8897655688976558,False,24
9_superiorparietal_LGI_lh,35,"Q('9_superiorparietal_LGI_lh') ~ C(Grupo, Treatment(reference='Vestibular')) + Edad + C(Genero) + N_Educacional",2.7562603588159282,1,30,0.1072930248780124,0.12196937484974846,0.10588941105889411,0.0841445369106097,6.092339650713524e-05,0.30846071452947654,0.33019892484343705,0.830388473423722,0.8320278897425627,18,17,2.730176470588235,2.8002777777777776,-0.07745780759712612,-0.5688418219158157,-1.2613910518623197,0.2424626189427849,0.1072930248780123,AD,9,Parietal superior,C,DKT,LGI,lh,A2_LGI,False,False,45,A2,AD_sin_ansiedad,0.27228705700858485,False,18
9_superiorparietal_LGI_rh,35,"Q('9_superiorparietal_LGI_rh') ~ C(Grupo, Treatment(reference='Vestibular')) + Edad + C(Genero) + N_Educacional",0.08915446877725743,1,30,0.7673133250096849,0.7817804236077929,0.7671232876712328,0.002963010106175324,1.4200842343664221e-09,0.03216398718566097,0.9080223518118916,0.6895138737162441,0.7911784583416305,18,17,2.760882352941177,2.774,-0.014435742789554173,-0.10230643645142397,-0.7951329778775451,0.7235189035621499,0.7673133250096394,AD,9,Parietal superior,C,DKT,LGI,rh,A2_LGI,False,False,45,A2,AD_sin_ansiedad,0.8257997729638801,False,18
10_inferiorparietal_thickness_lh,36,"Q('10_inferiorparietal_thickness_lh') ~ C(Grupo, Treatment(reference='Vestibular')) + Edad + C(Genero) + N_Educacional",0.1565032378015278,1,31,0.6951060035390256,0.737106211289262,0.7014298570142986,0.005023132301048654,2.3748462055924142e-07,0.057383522618104914,0.7876649183903306,0.3217330588485942,0.6709088090072993,19,17,2.5244117647058824,2.52,0.01428197587535468,0.13398231592496535,-0.6449620758827268,0.9496236152437888,0.6951060035390232,AD,10,Parietal inferior,C,DKT,thickness,lh,A2_thickness,False,False,46,A2,AD_sin_ansiedad,0.9521047895210479,False,18
10_inferiorparietal_thickness_rh,36,"Q('10_inferiorparietal_thickness_rh') ~ C(Grupo, Treatment(reference='Vestibular')) + Edad + C(Genero) + N_Educacional",0.010084956094264096,1,31,0.9206544866340362,0.929452923092585,0.9203079692030797,0.0003252153648899355,8.027048758739786e-09,0.0015422624229817889,0.8865818979266814,0.4795778864808463,0.6139764119374983,19,17,2.515529411764706,2.529736842105263,-0.0034666303828659872,-0.034011267954845464,-0.788817259980962,0.8123395800824516,0.9206544866341624,AD,10,Parietal inferior,C,DKT,thickness,rh,A2_thickness,False,False,46,A2,AD_sin_ansiedad,0.9521047895210479,False,18
10_inferiorparietal_area_lh,36,"Q('10_inferiorparietal_area_lh') ~ C(Grupo, Treatment(reference='Vestibular')) + Edad + C(Genero) + N_Educacional + eTIV",2.37986631059101,1,30,0.13339189738144222,0.1509976932768031,0.1302869713028697,0.07349833652069739,6.017893917867823e-05,0.3174751062263544,0.10954963655164406,0.5618188655592529,0.8506283227588157,19,17,4534.529411764706,4735.105263157895,-221.69062505298632,-0.5249881484010683,-1.3736702975073427,0.28498361365208724,0.13339189738144253,AD,10,Parietal inferior,C,DKT,area,lh,A2_area,False,True,46,A2,AD_sin_ansiedad,0.5862913708629137,False,18
10_inferiorparietal_area_rh,36,"Q('10_inferiorparietal_area_rh') ~ C(Grupo, Treatment(reference='Vestibular')) + Edad + C(Genero) + N_Educacional + eTIV",0.29112904706701453,1,30,0.5934804979295838,0.6371323023287829,0.5888411158884111,0.009611033204297268,8.28814728035079e-08,0.09274906629261719,0.45647901129931145,0.2807766253339386,0.34485102703119286,19,17,5295.941176470588,5394.9473684210525,-90.03588572569788,-0.18361831096177522,-0.9551109391479691,0.6685472706648836,0.5934804979295845,AD,10,Parietal inferior,C,DKT,area,rh,A2_area,False,True,46,A2,AD_sin_ansiedad,0.9635581896355818,False,18
10_inferiorparietal_volume_lh,36,"Q('10_inferiorparietal_volume_lh') ~ C(Grupo, Treatment(reference='Vestibular')) + Edad + C(Genero) + N_Educacional + eTIV",1.2924426572683663,1,30,0.26459783387113817,0.29866723951362023,0.2612738726127387,0.04130207000533299,4.19633136991654e-05,0.24493538926363242,0.31820301451811916,0.9803168531047866,0.43380189297445293,19,17,11976.529411764706,12448.473684210527,-467.7175533090349,-0.3868822995158988,-1.1010658828895732,0.4054842376752633,0.26459783387114094,AD,10,Parietal inferior,C,DKT,volume,lh,A2_volume,False,True,46,A2,AD_sin_ansiedad,0.6967303269673032,False,24
10_inferiorparietal_volume_rh,36,"Q('10_inferiorparietal_volume_rh') ~ C(Grupo, Treatment(reference='Vestibular')) + Edad + C(Genero) + N_Educacional + eTIV",0.06660059370768098,1,30,0.7981144041145845,0.8263908891119531,0.7955204479552045,0.002215102219491322,4.282750673441573e-09,0.023726318628034104,0.6458971906446955,0.6252113455745164,0.3198398223189021,19,17,14087.35294117647,14324.578947368422,-133.2222764225121,-0.08782380903040714,-0.8065826629508364,0.7373819436341229,0.7981144041145808,AD,10,Parietal inferior,C,DKT,volume,rh,A2_volume,False,True,46,A2,AD_sin_ansiedad,0.8897655688976558,False,24
10_inferiorparietal_LGI_lh,35,"Q('10_inferiorparietal_LGI_lh') ~ C(Grupo, Treatment(reference='Vestibular')) + Edad + C(Genero) + N_Educacional",1.2423381983918733,1,30,0.2738708865877135,0.2904153022861879,0.2695730426957304,0.039764571732848725,7.46309321921334e-05,0.2623666720858638,0.39996465770460765,0.15900121440252873,0.08139883743126812,18,17,2.940294117647059,2.9838333333333336,-0.05133291389055511,-0.38190145993760644,-1.1116390467191544,0.3482683192944758,0.2738708865877149,AD,10,Parietal inferior,C,DKT,LGI,lh,A2_LGI,False,False,45,A2,AD_sin_ansiedad,0.4165083491650835,False,18
10_inferiorparietal_LGI_rh,35,"Q('10_inferiorparietal_LGI_rh') ~ C(Grupo, Treatment(reference='Vestibular')) + Edad + C(Genero) + N_Educacional",1.1887026811299566,1,30,0.28427151960004154,0.29427661721709153,0.2776722327767223,0.03811324546849956,3.743288990725525e-05,0.23638159592763366,0.9342347463525118,0.26726961210742883,0.136169037726008,18,17,2.953294117647059,2.997055555555556,-0.04752423643255782,-0.3735665833523498,-1.1066173543743103,0.35080719377401043,0.2842715196000423,AD,10,Parietal inferior,C,DKT,LGI,rh,A2_LGI,False,False,45,A2,AD_sin_ansiedad,0.4165083491650835,False,18
11_lateraloccipital_thickness_lh,36,"Q('11_lateraloccipital_thickness_lh') ~ C(Grupo, Treatment(reference='Vestibular')) + Edad + C(Genero) + N_Educacional",0.08145096449850346,1,31,0.7772389039754525,0.8088077285679026,0.7728227177282272,0.0026205650627938006,4.4512800681744247e-10,0.024001447551948236,0.7754721096955165,0.47958407183462465,0.2707649556560319,19,17,2.1334117647058823,2.1372105263157892,0.010321057704169356,0.09665713824029751,-0.6440514594036745,0.9862957162570583,0.7772389039754182,AD,11,Occipital lateral,C,DKT,thickness,lh,A2_thickness,False,False,46,A2,AD_sin_ansiedad,0.9521047895210479,False,18
11_lateraloccipital_thickness_rh,36,"Q('11_lateraloccipital_thickness_rh') ~ C(Grupo, Treatment(reference='Vestibular')) + Edad + C(Genero) + N_Educacional",0.16692214380031886,1,31,0.6856704472685912,0.723835559319271,0.6845315468453155,0.005355746808432375,5.286577879742123e-07,0.059231338178757406,0.9368463877090609,0.2657001490266822,0.9450776262224173,19,17,2.1884117647058825,2.1904736842105264,0.01508533625145514,0.13837027176102484,-0.5665889497886671,0.9880694064206763,0.6856704472686077,AD,11,Occipital lateral,C,DKT,thickness,rh,A2_thickness,False,False,46,A2,AD_sin_ansiedad,0.9521047895210479,False,18
11_lateraloccipital_area_lh,36,"Q('11_lateraloccipital_area_lh') ~ C(Grupo, Treatment(reference='Vestibular')) + Edad + C(Genero) + N_Educacional + eTIV",0.13587230875630285,1,30,0.7150080412285845,0.7578127184702498,0.7137286271372862,0.004508656904443535,2.751554669209508e-08,0.0447762867300936,0.8866108981521987,0.030658860079797266,0.7695842272194588,19,17,5063.64705882353,5116.526315789473,-51.01796336395705,-0.125440765684198,-0.9372313884452764,0.754002763919622,0.7150080412285762,AD,11,Occipital lateral,C,DKT,area,lh,A2_area,False,True,46,A2,AD_sin_ansiedad,0.988239637574704,False,18
11_lateraloccipital_area_rh,36,"Q('11_lateraloccipital_area_rh') ~ C(Grupo, Treatment(reference='Vestibular')) + Edad + C(Genero) + N_Educacional + eTIV",0.49165767242786884,1,30,0.4885925264420599,0.5462373310133337,0.4871512848715128,0.01612433399685092,3.1117682820300565e-06,0.14349815811886046,0.401065531261771,0.8495496857770392,0.39759213115929976,19,17,5108.588235294118,4967.8421052631575,141.39303015229768,0.2386187845126966,-0.5691719934960197,1.0452045116322897,0.4885925264420517,AD,11,Occipital lateral,C,DKT,area,rh,A2_area,False,True,46,A2,AD_sin_ansiedad,0.940945905409459,False,18
11_lateraloccipital_volume_lh,36,"Q('11_lateraloccipital_volume_lh') ~ C(Grupo, Treatment(reference='Vestibular')) + Edad + C(Genero) + N_Educacional + eTIV",0.08145828473833609,1,30,0.7772921473284395,0.7973255303764821,0.7755224477552245,0.002707923398104124,8.945046071553894e-09,0.032528449193467174,0.6920355168654702,0.1665196356490274,0.8428019318488149,19,17,11232.470588235294,11461.21052631579,-93.51074591135034,-0.09712719557386869,-0.847387203023625,0.7935269331244851,0.7772921473284268,AD,11,Occipital lateral,C,DKT,volume,lh,A2_volume,False,True,46,A2,AD_sin_ansiedad,0.8897655688976558,False,24
11_lateraloccipital_volume_rh,36,"Q('11_lateraloccipital_volume_rh') ~ C(Grupo, Treatment(reference='Vestibular')) + Edad + C(Genero) + N_Educacional + eTIV",0.7883277433148766,1,30,0.3816697686714833,0.40797839968449956,0.3818618138186181,0.025604760020980603,2.621771937072642e-05,0.1885142027073178,0.6688100139293489,0.8948776252930313,0.24292646197421938,19,17,11652.64705882353,11355.105263157895,435.3663216042212,0.30215280069318684,-0.44171788583947486,1.1069359273006936,0.38166976867148045,AD,11,Occipital lateral,C,DKT,volume,rh,A2_volume,False,True,46,A2,AD_sin_ansiedad,0.7454023828386392,False,24
11_lateraloccipital_LGI_lh,35,"Q('11_lateraloccipital_LGI_lh') ~ C(Grupo, Treatment(reference='Vestibular')) + Edad + C(Genero) + N_Educacional",0.03850080238834836,1,30,0.8457640707328039,0.8579058827703709,0.8463153684631537,0.0012817151775193511,6.113910936855276e-11,0.012460262516628556,0.8689064313508154,0.5765808563633944,0.23877727076241503,18,17,2.4267058823529415,2.4239444444444445,0.00627253063997768,0.06723049201123243,-0.7323010359019582,0.792456437611607,0.8457640707328166,AD,11,Occipital lateral,C,DKT,LGI,lh,A2_LGI,False,False,45,A2,AD_sin_ansiedad,0.8463153684631537,False,18
11_lateraloccipital_LGI_rh,35,"Q('11_lateraloccipital_LGI_rh') ~ C(Grupo, Treatment(reference='Vestibular')) + Edad + C(Genero) + N_Educacional",1.3230607280615276,1,30,0.25913018800748755,0.2945158695852598,0.2602739726027397,0.042239190465707954,5.978226119850756e-05,0.25223933940942306,0.3907554911170946,0.5837508768812254,0.8245707914434753,18,17,2.421294117647059,2.4662222222222225,-0.03762102543208534,-0.39411347917524286,-1.1327803271708956,0.40444225271057077,0.259130188007483,AD,11,Occipital lateral,C,DKT,LGI,rh,A2_LGI,False,False,45,A2,AD_sin_ansiedad,0.4165083491650835,False,18
12_cuneus_thickness_lh,36,"Q('12_cuneus_thickness_lh') ~ C(Grupo, Treatment(reference='Vestibular')) + Edad + C(Genero) + N_Educacional",0.022978336079090896,1,31,0.8804956278024387,0.8906443734705948,0.8814118588141185,0.0007406876229020075,8.818804017937528e-08,0.005898457265564119,0.6458759610293984,0.5379026867264602,0.7881346999927318,19,17,1.9196470588235295,1.9335263157894738,-0.006675480581939008,-0.05133872817082122,-0.7891554136052167,0.7007868121929188,0.8804956278024366,AD,12,Cuneus,C,DKT,thickness,lh,A2_thickness,False,False,46,A2,AD_sin_ansiedad,0.9521047895210479,False,18
12_cuneus_thickness_rh,36,"Q('12_cuneus_thickness_rh') ~ C(Grupo, Treatment(reference='Vestibular')) + Edad + C(Genero) + N_Educacional",2.0503483718617286,1,31,0.16217766798695354,0.21441608152304345,0.1588841115888411,0.0620371183018254,0.0001588984014676211,0.2885562186761387,0.3496212337418323,0.5203778425042698,0.9177753521155297,19,17,1.9524705882352942,1.904578947368421,0.051713185193361766,0.4849529950558105,-0.31613600887056587,1.2608920028369432,0.16217766798695185,AD,12,Cuneus,C,DKT,thickness,rh,A2_thickness,False,False,46,A2,AD_sin_ansiedad,0.9521047895210479,False,18
12_cuneus_area_lh,36,"Q('12_cuneus_area_lh') ~ C(Grupo, Treatment(reference='Vestibular')) + Edad + C(Genero) + N_Educacional + eTIV",0.4757392341214546,1,30,0.4956598711229784,0.5479985268269199,0.4931506849315068,0.015610424753497174,2.4947517339355343e-06,0.12968025511448786,0.5577280486714316,0.2954555771180614,0.41796911237068085,19,17,2134.823529411765,2075.315789473684,55.59455521935945,0.2347241112168859,-0.604724667757046,0.9929249630708907,0.4956598711229776,AD,12,Cuneus,C,DKT,area,lh,A2_area,False,True,46,A2,AD_sin_ansiedad,0.940945905409459,False,18
12_cuneus_area_rh,36,"Q('12_cuneus_area_rh') ~ C(Grupo, Treatment(reference='Vestibular')) + Edad + C(Genero) + N_Educacional + eTIV",1.2045195538359178e-07,1,30,0.9997253822981502,0.9997680924975728,1.0,4.015065163332311e-09,2.9376295783086777e-10,3.0026061748768366e-10,0.7876649183903306,0.264519602393632,0.5432149805568572,19,17,2041.1176470588234,2042.4736842105262,0.022724410303453624,0.00011810821979170068,-0.8444478473879298,0.8021687758954906,0.9997253823123581,AD,12,Cuneus,C,DKT,area,rh,A2_area,False,True,46,A2,AD_sin_ansiedad,1.0,False,18
12_cuneus_volume_lh,36,"Q('12_cuneus_volume_lh') ~ C(Grupo, Treatment(reference='Vestibular')) + Edad + C(Genero) + N_Educacional + eTIV",0.3340588669333581,1,30,0.5675922843453471,0.6152002763319787,0.5743425657434257,0.011012666270569878,4.76785497075254e-07,0.0994151658492955,0.6688100139293489,0.08755657359306834,0.5698052563974562,19,17,4105.64705882353,4002.1052631578946,111.1211273491009,0.19669110519287897,-0.6291305794685383,0.992178343433422,0.5675922843453511,AD,12,Cuneus,C,DKT,volume,lh,A2_volume,False,True,46,A2,AD_sin_ansiedad,0.8897655688976558,False,24
12_cuneus_volume_rh,36,"Q('12_cuneus_volume_rh') ~ C(Grupo, Treatment(reference='Vestibular')) + Edad + C(Genero) + N_Educacional + eTIV",0.7034241834852218,1,30,0.4082688572853802,0.460034021397233,0.40375962403759624,0.022910284510337456,9.359976809021791e-06,0.1916668325476074,0.5159271549332334,0.48815393073038366,0.9916658239650031,19,17,4035.764705882353,3929.684210526316,132.15453324618454,0.28541833366665487,-0.4845422039443231,1.10168112833007,0.40826885728537876,AD,12,Cuneus,C,DKT,volume,rh,A2_volume,False,True,46,A2,AD_sin_ansiedad,0.7454023828386392,False,24
12_cuneus_LGI_lh,35,"Q('12_cuneus_LGI_lh') ~ C(Grupo, Treatment(reference='Vestibular')) + Edad + C(Genero) + N_Educacional",0.5030211402815804,1,30,0.4836516344767919,0.5121067891783092,0.4834516548345166,0.016490862920371593,2.1535943779212087e-06,0.144099319609536,0.4986291851375917,0.8642620315448528,0.06539365359015702,18,17,2.708647058823529,2.7440555555555557,-0.04205442562515843,-0.24301020842105872,-0.9609604164761274,0.5075214419370528,0.48365163447679466,AD,12,Cuneus,C,DKT,LGI,lh,A2_LGI,False,False,45,A2,AD_sin_ansiedad,0.5801419858014198,False,18
12_cuneus_LGI_rh,35,"Q('12_cuneus_LGI_rh') ~ C(Grupo, Treatment(reference='Vestibular')) + Edad + C(Genero) + N_Educacional",0.07872072084183673,1,30,0.7809644449672973,0.7911053147082547,0.77992200779922,0.0026171565463982776,1.375350614275316e-08,0.02694136882457629,0.6205480473200585,0.8570835278306927,0.8231928270161608,18,17,2.8945882352941177,2.912777777777778,-0.01703259293428272,-0.09613376033382433,-0.8174370697413516,0.6602024905702458,0.7809644449672926,AD,12,Cuneus,C,DKT,LGI,rh,A2_LGI,False,False,45,A2,AD_sin_ansiedad,0.8257997729638801,False,18
13_middletemporal_thickness_lh,36,"Q('13_middletemporal_thickness_lh') ~ C(Grupo, Treatment(reference='Vestibular')) + Edad + C(Genero) + N_Educacional",0.005859988358447441,1,31,0.9394730167558357,0.9454876090222077,0.9411058894110589,0.00018899615623135915,9.152961649583178e-08,0.0007142555136858066,0.9620849026261483,0.6922854743251159,0.9194606330967113,19,17,2.724764705882353,2.7321052631578944,-0.0030493183141255265,-0.02592592101773608,-0.7518376105447434,0.766925151064114,0.939473016755814,AD,13,Temporal medio,C,DKT,thickness,lh,A2_thickness,False,False,46,A2,AD_sin_ansiedad,0.9521047895210479,False,18
13_middletemporal_thickness_rh,36,"Q('13_middletemporal_thickness_rh') ~ C(Grupo, Treatment(reference='Vestibular')) + Edad + C(Genero) + N_Educacional",0.21470312480330403,1,31,0.6463427097476496,0.6799947523107607,0.648035196480352,0.006878268998582923,9.871235401111792e-08,0.07788881648775223,0.5057428110670161,0.030288853190762455,0.9501154038897311,19,17,2.798352941176471,2.7829473684210524,0.019648383642286327,0.15692964764754577,-0.606015505572987,0.9609255526264181,0.6463427097476401,AD,13,Temporal medio,C,DKT,thickness,rh,A2_thickness,False,False,46,A2,AD_sin_ansiedad,0.9521047895210479,False,18
13_middletemporal_area_lh,36,"Q('13_middletemporal_area_lh') ~ C(Grupo, Treatment(reference='Vestibular')) + Edad + C(Genero) + N_Educacional + eTIV",1.0466044109303125,1,30,0.31446960687434145,0.3599243237189627,0.31416858314168583,0.03371075294024243,2.3086903320199554e-05,0.21759609987057085,0.4375454955608403,0.4080384396343045,0.4206677295888646,19,17,4167.235294117647,4273.8421052631575,-102.91268586545743,-0.34814847655868947,-1.136002816399611,0.4452226268563807,0.3144696068743421,AD,13,Temporal medio,C,DKT,area,lh,A2_area,False,True,46,A2,AD_sin_ansiedad,0.9320496521776395,False,18
13_middletemporal_area_rh,36,"Q('13_middletemporal_area_rh') ~ C(Grupo, Treatment(reference='Vestibular')) + Edad + C(Genero) + N_Educacional + eTIV",2.982401053562149,1,30,0.09445918364745147,0.15567488081114994,0.09379062093790622,0.09042401275513097,0.0003243821351008891,0.32811053847563326,0.23472205849645875,0.8154941925701819,0.7484463264274417,19,17,4106.470588235294,4313.315789473684,-179.04107595657558,-0.5877007443730424,-1.2776931289684628,0.2416673041458956,0.09445918364745262,AD,13,Temporal medio,C,DKT,area,rh,A2_area,False,True,46,A2,AD_sin_ansiedad,0.5862913708629137,False,18
13_middletemporal_volume_lh,36,"Q('13_middletemporal_volume_lh') ~ C(Grupo, Treatment(reference='Vestibular')) + Edad + C(Genero) + N_Educacional + eTIV",0.9871686446395538,1,30,0.32838211263494393,0.36307039384074463,0.32856714328567144,0.03185733604642589,1.81349787025966e-05,0.21465869141014948,0.4758645633414271,0.9990714636859245,0.9443160704200433,19,17,12515.64705882353,12898.473684210527,-365.69135454913703,-0.33811846988711775,-1.06971021091151,0.3932050576886004,0.3283821126349444,AD,13,Temporal medio,C,DKT,volume,lh,A2_volume,False,True,46,A2,AD_sin_ansiedad,0.7454023828386392,False,24
13_middletemporal_volume_rh,36,"Q('13_middletemporal_volume_rh') ~ C(Grupo, Treatment(reference='Vestibular')) + Edad + C(Genero) + N_Educacional + eTIV",2.022255297639791,1,30,0.16532306362841068,0.20179019346877497,0.16948305169483052,0.06315155752908015,0.0001240130820716399,0.30435296150965974,0.2224761644562939,0.7753349196253632,0.9978556109942793,19,17,12704.058823529413,13376.684210526315,-565.705476816418,-0.48393965399484107,-1.2471659096401522,0.31679883911089163,0.16532306362840954,AD,13,Temporal medio,C,DKT,volume,rh,A2_volume,False,True,46,A2,AD_sin_ansiedad,0.6967303269673032,False,24
13_middletemporal_LGI_lh,35,"Q('13_middletemporal_LGI_lh') ~ C(Grupo, Treatment(reference='Vestibular')) + Edad + C(Genero) + N_Educacional",2.955076545992386,1,30,0.09591249179140272,0.11145580267987883,0.10188981101889812,0.08966984318389477,0.00016108056293897261,0.32395127563224363,0.16064501510137852,0.9401423868039348,0.35710955121556315,18,17,3.0258235294117646,3.1051111111111114,-0.07936613358365063,-0.5890006400442698,-1.2590735664607724,0.2598233743447813,0.09591249179140265,AD,13,Temporal medio,C,DKT,LGI,lh,A2_LGI,False,False,45,A2,AD_sin_ansiedad,0.27228705700858485,False,18
13_middletemporal_LGI_rh,35,"Q('13_middletemporal_LGI_rh') ~ C(Grupo, Treatment(reference='Vestibular')) + Edad + C(Genero) + N_Educacional",6.172131469929821,1,30,0.018784671710610167,0.028099140452729033,0.0211978802119788,0.1706322303694147,0.004269771149284178,0.4253105696614017,0.055566599229656136,0.5531269453962613,0.7696862519082102,18,17,2.9928823529411765,3.0903888888888886,-0.1047471022996661,-0.8512340420159551,-1.598413742521126,-0.00804437056535072,0.01878467171061046,AD,13,Temporal medio,C,DKT,LGI,rh,A2_LGI,False,False,45,A2,AD_sin_ansiedad,0.12718728127187282,False,18
14_comp_thickness_lh,36,"Q('14_comp_thickness_lh') ~ C(Grupo, Treatment(reference='Vestibular')) + Edad + C(Genero) + N_Educacional",4.325404103442247,1,31,0.04590689057590292,0.056294987343328586,0.0443955604439556,0.12244457531968508,0.0007298381762703557,0.36068626014117994,0.08417290231924249,0.4745746027839035,0.9385926678932095,19,17,2.620528377660433,2.5583460335772816,0.07157250328394138,0.7043672597384952,-0.16200499011733563,1.4062017913663731,0.045906890575901894,AD,14,Cingulada anterior,C,DKT,thickness,lh,A2_thickness,True,False,46,A2,AD_sin_ansiedad,0.7991200879912009,False,18
14_comp_thickness_rh,36,"Q('14_comp_thickness_rh') ~ C(Grupo, Treatment(reference='Vestibular')) + Edad + C(Genero) + N_Educacional",0.015980962958652898,1,31,0.9002191481275749,0.9053002072490334,0.9027097290270973,0.000515249315433177,1.354013475509517e-09,0.003526310870479864,0.7393462921707448,0.11980897830411236,0.7449977472189242,19,17,2.4548538567785787,2.469748315305009,-0.005551022412651319,-0.04281414636898053,-0.7904849548856755,0.6948160182364761,0.9002191481276527,AD,14,Cingulada anterior,C,DKT,thickness,rh,A2_thickness,True,False,46,A2,AD_sin_ansiedad,0.9521047895210479,False,18
14_comp_area_lh,36,"Q('14_comp_area_lh') ~ C(Grupo, Treatment(reference='Vestibular')) + Edad + C(Genero) + N_Educacional + eTIV",0.14490101070414904,1,30,0.7061387536910381,0.7277288306503337,0.7127287271272873,0.004806816603998671,8.16621836890272e-09,0.04513845136674887,0.5471062621002882,0.08299225623729023,0.5596584341862402,19,17,2322.8823529411766,2378.7894736842104,-29.526187924098053,-0.1295415013536409,-0.9419790732987358,0.6938428782976184,0.7061387536910463,AD,14,Cingulada anterior,C,DKT,area,lh,A2_area,True,True,46,A2,AD_sin_ansiedad,0.988239637574704,False,18
14_comp_area_rh,36,"Q('14_comp_area_rh') ~ C(Grupo, Treatment(reference='Vestibular')) + Edad + C(Genero) + N_Educacional + eTIV",1.6505144325746886,1,30,0.20872060585822347,0.29518262986419713,0.20637936206379362,0.05214810761104029,6.283189528427136e-05,0.2969562638719952,0.2224761644562939,0.888596892915062,0.09991577500087807,19,17,1635.5294117647059,1775.842105263158,-102.97263290591968,-0.4372027468648553,-1.3391824132167838,0.42583649335559826,0.20872060585822416,AD,14,Cingulada anterior,C,DKT,area,rh,A2_area,True,True,46,A2,AD_sin_ansiedad,0.742965703429657,False,18
14_comp_volume_lh,36,"Q('14_comp_volume_lh') ~ C(Grupo, Treatment(reference='Vestibular')) + Edad + C(Genero) + N_Educacional + eTIV",8.730540894830715e-05,1,30,0.992606745511359,0.9932933389187768,0.9924007599240076,2.9101718291521833e-06,5.26845031656312e-08,4.229784027463803e-07,0.7633903885467929,0.0371782251020681,0.4855606107634726,19,17,6238.235294117647,6327.0,2.2906667170339006,0.003179755990956722,-0.7992919704570708,0.8042432615445119,0.9926067455109304,AD,14,Cingulada anterior,C,DKT,volume,lh,A2_volume,True,True,46,A2,AD_sin_ansiedad,0.9924007599240076,False,24
14_comp_volume_rh,36,"Q('14_comp_volume_rh') ~ C(Grupo, Treatment(reference='Vestibular')) + Edad + C(Genero) + N_Educacional + eTIV",1.556225419232162,1,30,0.22186937297935608,0.3143798883092445,0.22197780221977803,0.04931595583937329,2.5365310126289712e-05,0.28820687445134385,0.14936360387020636,0.17937383406276725,0.11491066231201494,19,17,4333.411764705882,4736.210526315789,-288.883700810783,-0.4245310610314247,-1.330770244364918,0.5405205202646212,0.22186937297935608,AD,14,Cingulada anterior,C,DKT,volume,rh,A2_volume,True,True,46,A2,AD_sin_ansiedad,0.6967303269673032,False,24
14_comp_LGI_lh,35,"Q('14_comp_LGI_lh') ~ C(Grupo, Treatment(reference='Vestibular')) + Edad + C(Genero) + N_Educacional",0.8412512500504522,1,30,0.3663542569372743,0.398299867359919,0.36896310368963103,0.027276819712334983,4.5962476074657094e-06,0.19385188926657115,0.3908218591695053,0.9589622026234106,0.888343077740038,18,17,1.844743465167562,1.8694566662633578,-0.022904652852230367,-0.31426372975586764,-1.0117222327517428,0.5573051591280246,0.3663542569372703,AD,14,Cingulada anterior,C,DKT,LGI,lh,A2_LGI,True,False,45,A2,AD_sin_ansiedad,0.4743811333152399,False,18
14_comp_LGI_rh,35,"Q('14_comp_LGI_rh') ~ C(Grupo, Treatment(reference='Vestibular')) + Edad + C(Genero) + N_Educacional",3.355806446336844,1,30,0.07691400322016012,0.10024002772435696,0.08039196080391961,0.10060636524365553,0.0001267941361563722,0.31909976452601224,0.19802744260613706,0.20625495607053523,0.41942322711075364,18,17,1.8993989300510998,1.9508834920236242,-0.04553642131571134,-0.6276678025130183,-1.3111514319583486,0.25728614825321244,0.07691400322015982,AD,14,Cingulada anterior,C,DKT,LGI,rh,A2_LGI,True,False,45,A2,AD_sin_ansiedad,0.27228705700858485,False,18
15_rostralmiddlefrontal_thickness_lh,36,"Q('15_rostralmiddlefrontal_thickness_lh') ~ C(Grupo, Treatment(reference='Vestibular')) + Edad + C(Genero) + N_Educacional",2.5310337461361585,1,31,0.12177469707430301,0.1319538465208973,0.12158784121587841,0.07548331987909003,9.483443544616768e-05,0.32738930528019883,0.07337981116847843,0.8907904830473573,0.8495567706232885,19,17,2.461,2.4179473684210526,0.044745259747962174,0.5388089298702206,-0.19108740752481532,1.3207810835372447,0.12177469707430018,AD,15,Prefrontal dorsolateral,C,DKT,thickness,lh,A2_thickness,False,False,46,A2,AD_sin_ansiedad,0.9521047895210479,False,18
15_rostralmiddlefrontal_thickness_rh,36,"Q('15_rostralmiddlefrontal_thickness_rh') ~ C(Grupo, Treatment(reference='Vestibular')) + Edad + C(Genero) + N_Educacional",0.0034749524031920027,1,31,0.9533713163671089,0.9568836167121285,0.9521047895210479,0.000112082674878438,4.132573235998808e-07,0.00040025512275363817,0.44692597813400037,0.3879371079414118,0.33419053638156,19,17,2.389235294117647,2.3923684210526317,-0.0022053298103523744,-0.019964583169597202,-0.7609039799294701,0.8240599269996398,0.9533713163668882,AD,15,Prefrontal dorsolateral,C,DKT,thickness,rh,A2_thickness,False,False,46,A2,AD_sin_ansiedad,0.9521047895210479,False,18
15_rostralmiddlefrontal_area_lh,36,"Q('15_rostralmiddlefrontal_area_lh') ~ C(Grupo, Treatment(reference='Vestibular')) + Edad + C(Genero) + N_Educacional + eTIV",1.1680303161424212e-05,1,30,0.9972957440496178,0.997556523475786,0.9978002199780022,3.8934328712588617e-07,3.129977235376906e-11,2.6059313556921615e-10,0.911690583456612,0.5416458383738691,0.19675756097557567,19,17,4036.823529411765,4068.2105263157896,0.5774731013653991,0.0011630550632449727,-0.8118437195292786,0.8490844784718512,0.99729574404931,AD,15,Prefrontal dorsolateral,C,DKT,area,lh,A2_area,False,True,46,A2,AD_sin_ansiedad,1.0,False,18
15_rostralmiddlefrontal_area_rh,36,"Q('15_rostralmiddlefrontal_area_rh') ~ C(Grupo, Treatment(reference='Vestibular')) + Edad + C(Genero) + N_Educacional + eTIV",8.880443976908497e-06,1,30,0.9976420299458577,0.998093587855661,0.9975002499750025,2.9601471160554783e-07,2.3444927913241998e-08,2.4758680686649476e-08,0.4190720324181101,0.23651401018705176,0.884700609414692,19,17,4222.64705882353,4215.105263157895,0.545878137303248,0.0010141228253246074,-0.9314010547253422,0.7933969761535412,0.9976420299483809,AD,15,Prefrontal dorsolateral,C,DKT,area,rh,A2_area,False,True,46,A2,AD_sin_ansiedad,1.0,False,18
15_rostralmiddlefrontal_volume_lh,36,"Q('15_rostralmiddlefrontal_volume_lh') ~ C(Grupo, Treatment(reference='Vestibular')) + Edad + C(Genero) + N_Educacional + eTIV",0.0616684847315689,1,30,0.8055700755713888,0.8231720955031541,0.8114188581141886,0.002051399268237242,1.9394338008088517e-09,0.021175122228326276,0.8866108981521987,0.3770379432190898,0.19866385674482934,19,17,10635.0,10658.421052631578,116.68964513606943,0.08450936869806158,-0.7116231686024375,0.9505099198140541,0.8055700755713816,AD,15,Prefrontal dorsolateral,C,DKT,volume,lh,A2_volume,False,True,46,A2,AD_sin_ansiedad,0.8897655688976558,False,24
15_rostralmiddlefrontal_volume_rh,36,"Q('15_rostralmiddlefrontal_volume_rh') ~ C(Grupo, Treatment(reference='Vestibular')) + Edad + C(Genero) + N_Educacional + eTIV",0.0004801836099300191,1,30,0.9826623847033702,0.9849712742605856,0.9842015798420158,1.6005864139213223e-05,3.6079241750184004e-09,1.3431625093752943e-05,0.6920355168654702,0.598492313093847,0.9089344696852313,19,17,10788.470588235294,10828.368421052632,-10.74844728563312,-0.007457218784139881,-0.938844294665213,0.7298977502452061,0.9826623847033505,AD,15,Prefrontal dorsolateral,C,DKT,volume,rh,A2_volume,False,True,46,A2,AD_sin_ansiedad,0.9924007599240076,False,24
15_rostralmiddlefrontal_LGI_lh,35,"Q('15_rostralmiddlefrontal_LGI_lh') ~ C(Grupo, Treatment(reference='Vestibular')) + Edad + C(Genero) + N_Educacional",1.6430525420995705,1,30,0.20972543932577492,0.24409446894269385,0.21607839216078392,0.05192459039511335,1.5276428159118183e-05,0.26620357825432694,0.2984325685960478,0.025427001895739855,0.2854258552993731,18,17,2.606411764705882,2.6682777777777775,-0.05789885424771646,-0.43919473484385685,-1.1425645915550382,0.4689797985745336,0.20972543932577228,AD,15,Prefrontal dorsolateral,C,DKT,LGI,lh,A2_LGI,False,False,45,A2,AD_sin_ansiedad,0.4165083491650835,False,18
15_rostralmiddlefrontal_LGI_rh,35,"Q('15_rostralmiddlefrontal_LGI_rh') ~ C(Grupo, Treatment(reference='Vestibular')) + Edad + C(Genero) + N_Educacional",0.9372725631290064,1,30,0.34072095969591615,0.3782323141206861,0.34536546345365465,0.030295901528373463,9.389793535262876e-06,0.21548676520299032,0.27608232187779097,0.999278615932488,0.5712447289108038,18,17,2.642,2.6866666666666665,-0.03780782164384877,-0.33171442004397206,-1.0244877600409263,0.5007576837414595,0.3407209596959221,AD,15,Prefrontal dorsolateral,C,DKT,LGI,rh,A2_LGI,False,False,45,A2,AD_sin_ansiedad,0.4743811333152399,False,18
16a_precentral_thickness_lh,36,"Q('16a_precentral_thickness_lh') ~ C(Grupo, Treatment(reference='Vestibular')) + Edad + C(Genero) + N_Educacional",0.04191000867308153,1,31,0.839129636763627,0.8564513760993498,0.8392160783921608,0.0013501105009766444,1.1417473788963848e-09,0.009707326994158825,0.8865891500690242,0.43150544933577983,0.8141700931027256,19,17,2.714058823529412,2.728578947368421,0.010760688778863714,0.06933375034986783,-0.7007603641147887,0.846034903664943,0.8391296367636847,AD,16a,Precentral,C,DKT,thickness,lh,A2_thickness,False,False,46,A2,AD_sin_ansiedad,0.9521047895210479,False,18
16a_precentral_thickness_rh,36,"Q('16a_precentral_thickness_rh') ~ C(Grupo, Treatment(reference='Vestibular')) + Edad + C(Genero) + N_Educacional",0.11095167129738881,1,31,0.741305637402147,0.7945144900084081,0.7372262773722628,0.0035663219971426192,1.0265023496442583e-08,0.03410646831830211,0.5683731297509858,0.36459669478265133,0.6997558750450952,19,17,2.6478235294117645,2.6957368421052634,-0.018819602270503555,-0.11281133567954256,-0.8623202258771248,0.8080405736358545,0.7413056374021367,AD,16a,Precentral,C,DKT,thickness,rh,A2_thickness,False,False,46,A2,AD_sin_ansiedad,0.9521047895210479,False,18
16a_precentral_area_lh,36,"Q('16a_precentral_area_lh') ~ C(Grupo, Treatment(reference='Vestibular')) + Edad + C(Genero) + N_Educacional + eTIV",0.06955554128611154,1,30,0.7937882082583705,0.8139669718677525,0.794020597940206,0.0023131549513796556,1.860104872203585e-09,0.017974411610222837,0.8866108981521987,0.7922089703954068,0.14808998392062228,19,17,4617.823529411765,4659.8421052631575,-32.943940554748565,-0.08975095658452974,-0.8270493389554022,0.7205424142601514,0.7937882082583827,AD,16a,Precentral,C,DKT,area,lh,A2_area,False,True,46,A2,AD_sin_ansiedad,1.0,False,18
16a_precentral_area_rh,36,"Q('16a_precentral_area_rh') ~ C(Grupo, Treatment(reference='Vestibular')) + Edad + C(Genero) + N_Educacional + eTIV",0.41794920519446843,1,30,0.5228776973350648,0.5712301591053806,0.5227477252274773,0.013740216422055675,5.369990801391507e-07,0.12318105215597493,0.9368545001616723,0.4467386829353434,0.7893895285378034,19,17,4549.117647058823,4590.473684210527,-64.07546465753535,-0.22000622569435102,-0.8883488783965198,0.6388956562508811,0.5228776973350728,AD,16a,Precentral,C,DKT,area,rh,A2_area,False,True,46,A2,AD_sin_ansiedad,0.940945905409459,False,18
16a_precentral_volume_lh,36,"Q('16a_precentral_volume_lh') ~ C(Grupo, Treatment(reference='Vestibular')) + Edad + C(Genero) + N_Educacional + eTIV",0.055145780520203656,1,30,0.8159350889007001,0.840665593582554,0.8156184381561844,0.0018348199314323597,3.904772802801405e-09,0.016018146098893647,0.45647901129931145,0.8433690558534683,0.6169791612956196,19,17,13105.588235294117,13376.473684210527,-78.0729820328147,-0.07991519485842541,-0.8310103315528684,0.7639861114926237,0.8159350889007113,AD,16a,Precentral,C,DKT,volume,lh,A2_volume,False,True,46,A2,AD_sin_ansiedad,0.8897655688976558,False,24
16a_precentral_volume_rh,36,"Q('16a_precentral_volume_rh') ~ C(Grupo, Treatment(reference='Vestibular')) + Edad + C(Genero) + N_Educacional + eTIV",0.8796295059050149,1,30,0.3557930687633058,0.4719104972173931,0.3584641535846415,0.028485753228898236,2.1847678035506498e-08,0.18788650865669673,0.1322834441043821,0.0007144871290262466,0.8090733795485706,19,17,12635.70588235294,13120.684210526315,-360.03599089012505,-0.31917077128615723,-1.0867171770030808,0.9177293463775824,0.3557930687633041,AD,16a,Precentral,C,DKT,volume,rh,A2_volume,False,True,46,A2,AD_sin_ansiedad,0.7454023828386392,False,24
16a_precentral_LGI_lh,35,"Q('16a_precentral_LGI_lh') ~ C(Grupo, Treatment(reference='Vestibular')) + Edad + C(Genero) + N_Educacional",9.150347772904972,1,30,0.0050615161945790745,0.006729053131525467,0.0072992700729927005,0.23372328199949507,0.007317614582268016,0.4620153062886251,0.0407263797378633,0.4346190253130867,0.785964349634558,18,17,3.204941176470588,3.3423333333333334,-0.14631868714884233,-1.03645439966567,-1.7545832866719184,-0.1836235303356116,0.005061516194578894,AD,16a,Precentral,C,DKT,LGI,lh,A2_LGI,False,False,45,A2,AD_sin_ansiedad,0.06569343065693431,False,18
16a_precentral_LGI_rh,35,"Q('16a_precentral_LGI_rh') ~ C(Grupo, Treatment(reference='Vestibular')) + Edad + C(Genero) + N_Educacional",1.5390532462037716,1,30,0.22437363481381778,0.2554731611786006,0.21827817218278173,0.048798333741645245,6.011463439417373e-06,0.2639102495230487,0.5091610449533897,0.4815952903257953,0.4374273750505272,18,17,3.2141176470588237,3.276,-0.05623559511173004,-0.4250678142762203,-1.1233628663551487,0.481600089697742,0.22437363481381473,AD,16a,Precentral,C,DKT,LGI,rh,A2_LGI,False,False,45,A2,AD_sin_ansiedad,0.4165083491650835,False,18
16b_postcentral_thickness_lh,36,"Q('16b_postcentral_thickness_lh') ~ C(Grupo, Treatment(reference='Vestibular')) + Edad + C(Genero) + N_Educacional",0.8261866879850256,1,31,0.3703903526703676,0.42409233242157873,0.36806319368063195,0.0259593364446934,1.7511335292835924e-05,0.20150364540645674,0.40103522456441165,0.24859934689950292,0.25323774036974767,19,17,2.325823529411765,2.2954736842105263,0.0328085139650387,0.30783990303200687,-0.4152916445153054,1.0839350256489955,0.37039035267035914,AD,16b,Postcentral,C,DKT,thickness,lh,A2_thickness,False,False,46,A2,AD_sin_ansiedad,0.9521047895210479,False,18
16b_postcentral_thickness_rh,36,"Q('16b_postcentral_thickness_rh') ~ C(Grupo, Treatment(reference='Vestibular')) + Edad + C(Genero) + N_Educacional",0.04771833263459105,1,31,0.8285139264147671,0.8458364250820058,0.8302169783021698,0.0015369352466855445,1.3201811110215307e-08,0.015848846415660287,0.8866108981521987,0.18158818714984276,0.07290928410153072,19,17,2.3038823529411765,2.2953157894736846,0.008804834745274437,0.07398240533911966,-0.7894423955978204,0.809501053884079,0.8285139264147482,AD,16b,Postcentral,C,DKT,thickness,rh,A2_thickness,False,False,46,A2,AD_sin_ansiedad,0.9521047895210479,False,18
16b_postcentral_area_lh,36,"Q('16b_postcentral_area_lh') ~ C(Grupo, Treatment(reference='Vestibular')) + Edad + C(Genero) + N_Educacional + eTIV",2.5139419538623113,1,30,0.12332929873102046,0.13521672028977053,0.1267873212678732,0.07731889161362306,0.00020860353877959849,0.2942558874197252,0.2224464016947379,0.9792784570727343,0.7195594395379639,19,17,4478.235294117647,4708.315789473684,-184.58923587694017,-0.5395737851741153,-1.178858853193726,0.24669471065709075,0.12332929873102118,AD,16b,Postcentral,C,DKT,area,lh,A2_area,False,True,46,A2,AD_sin_ansiedad,0.5862913708629137,False,18
16b_postcentral_area_rh,36,"Q('16b_postcentral_area_rh') ~ C(Grupo, Treatment(reference='Vestibular')) + Edad + C(Genero) + N_Educacional + eTIV",4.0619699195589805,1,30,0.052894759471096224,0.0775134256921572,0.0522947705229477,0.11925234885568159,0.00026990490349302395,0.33437992912691655,0.04254668003142544,0.9771197397142883,0.7890792690545545,19,17,4106.64705882353,4434.0526315789475,-274.647878866743,-0.6858696257394845,-1.3137920196681505,0.24406764058385066,0.052894759471096335,AD,16b,Postcentral,C,DKT,area,rh,A2_area,False,True,46,A2,AD_sin_ansiedad,0.5862913708629137,False,18
16b_postcentral_volume_lh,36,"Q('16b_postcentral_volume_lh') ~ C(Grupo, Treatment(reference='Vestibular')) + Edad + C(Genero) + N_Educacional + eTIV",1.3991156792987893,1,30,0.2461613632796363,0.27020434392904347,0.2410758924107589,0.04455907910238428,6.197279584582774e-05,0.24227495528167323,0.2474378074811281,0.442555444743845,0.7412783834719772,19,17,11107.117647058823,11651.684210526315,-399.88366667017226,-0.40253164726739515,-1.0933533124148165,0.42422810545927997,0.24616136327963775,AD,16b,Postcentral,C,DKT,volume,lh,A2_volume,False,True,46,A2,AD_sin_ansiedad,0.6967303269673032,False,24
16b_postcentral_volume_rh,36,"Q('16b_postcentral_volume_rh') ~ C(Grupo, Treatment(reference='Vestibular')) + Edad + C(Genero) + N_Educacional + eTIV",4.067901377025825,1,30,0.05273237723896128,0.0743402924399869,0.056194380561943806,0.11940569311877464,0.0008430055927127422,0.3889573560093322,0.05132127339193283,0.6604338252439045,0.39353725859418237,19,17,10101.117647058823,11004.578947368422,-758.5138195728766,-0.6863702107432703,-1.485453287349156,0.18153367404913784,0.052732377238961285,AD,16b,Postcentral,C,DKT,volume,rh,A2_volume,False,True,46,A2,AD_sin_ansiedad,0.6743325667433258,False,24
16b_postcentral_LGI_lh,35,"Q('16b_postcentral_LGI_lh') ~ C(Grupo, Treatment(reference='Vestibular')) + Edad + C(Genero) + N_Educacional",9.138128912596304,1,30,0.005087385034641085,0.007173382522906018,0.005699430056994301,0.23348405165212863,0.01962009204685553,0.49193350547858555,0.036085821027613735,0.7435977006989545,0.9671890480309522,18,17,3.190294117647059,3.327833333333333,-0.1466800635975692,-1.0357621570066313,-1.7541835609403744,-0.1430758425705971,0.005087385034641101,AD,16b,Postcentral,C,DKT,LGI,lh,A2_LGI,False,False,45,A2,AD_sin_ansiedad,0.06569343065693431,False,18
16b_postcentral_LGI_rh,35,"Q('16b_postcentral_LGI_rh') ~ C(Grupo, Treatment(reference='Vestibular')) + Edad + C(Genero) + N_Educacional",2.722809850675832,1,30,0.10935660731717838,0.13836410682117845,0.10548945105489452,0.0832083144174001,1.9651789152852012e-05,0.31007615076419887,0.30623576589664264,0.8482305918882481,0.28354735626701505,18,17,3.1347058823529412,3.2166111111111113,-0.07888426413349325,-0.5653794978734985,-1.2884930061089268,0.3276569838546156,0.10935660731717825,AD,16b,Postcentral,C,DKT,LGI,rh,A2_LGI,False,False,45,A2,AD_sin_ansiedad,0.27228705700858485,False,18
17_Thalamus_volume_lh,36,"Q('17_Thalamus_volume_lh') ~ C(Grupo, Treatment(reference='Vestibular')) + Edad + C(Genero) + N_Educacional + eTIV",1.7474021921243068,1,30,0.1961953229938073,0.2340416100622102,0.19868013198680132,0.05504079299306547,3.863681127249335e-05,0.2600416362260731,0.23472205849645875,0.945931867412807,0.6589416390622619,19,17,6979.347058823529,7280.557894736842,-224.92572064760907,-0.4498520012299538,-1.1578227580712726,0.32471394266410986,0.19619532299380998,AD,17,Tálamo,S,aseg,volume,lh,A2_volume,False,True,46,A2,AD_sin_ansiedad,0.6967303269673032,False,24
17_Thalamus_volume_rh,36,"Q('17_Thalamus_volume_rh') ~ C(Grupo, Treatment(reference='Vestibular')) + Edad + C(Genero) + N_Educacional + eTIV",2.1739874640454504,1,30,0.15077953730603544,0.17956193227154754,0.15378462153784622,0.06756972434563448,0.00015843758354595932,0.27336785282201154,0.2884479581081064,0.8067995274184403,0.4887809806965124,19,17,6719.623529411765,7007.98947368421,-228.13212359559702,-0.501766585284504,-1.1642969917492918,0.21102831585609233,0.15077953730603785,AD,17,Tálamo,S,aseg,volume,rh,A2_volume,False,True,46,A2,AD_sin_ansiedad,0.6967303269673032,False,24
18_Amygdala_volume_lh,36,"Q('18_Amygdala_volume_lh') ~ C(Grupo, Treatment(reference='Vestibular')) + Edad + C(Genero) + N_Educacional + eTIV",5.516394116383369,1,30,0.02562105447254308,0.04254048443341032,0.029397060293970604,0.15531965599623496,0.0019408112268145738,0.4448927474765498,0.08417290231924097,0.3397334531447511,0.5104876935354495,19,17,1632.9705882352941,1739.2526315789476,-99.30920728235827,-0.7992835263672003,-1.702523623049809,0.010387010344454413,0.02562105447254366,AD,18,Amígdala,S,aseg,volume,lh,A2_volume,False,True,46,A2,AD_sin_ansiedad,0.6743325667433258,False,24
18_Amygdala_volume_rh,36,"Q('18_Amygdala_volume_rh') ~ C(Grupo, Treatment(reference='Vestibular')) + Edad + C(Genero) + N_Educacional + eTIV",1.5343260401127359,1,30,0.22506919267614245,0.2628696891672811,0.22647735226477353,0.04865574225880144,6.395657764651853e-05,0.2574342157039022,0.3835318014716661,0.2504307989774984,0.41771265880316105,19,17,1729.0941176470587,1803.3157894736842,-59.210365471478354,-0.42153345358309185,-1.1169326326749802,0.43501883573764016,0.225069192676144,AD,18,Amígdala,S,aseg,volume,rh,A2_volume,False,True,46,A2,AD_sin_ansiedad,0.6967303269673032,False,24
19_Cerebellum_Cortex_volume_lh,36,"Q('19_Cerebellum_Cortex_volume_lh') ~ C(Grupo, Treatment(reference='Vestibular')) + Edad + C(Genero) + N_Educacional + eTIV",0.2828383832749379,1,30,0.5987634571625908,0.6534043547911265,0.593940605939406,0.009339890128368817,7.36865345251461e-07,0.09971387538326743,0.7155543412978354,0.5974103896446393,0.3013822942749495,19,17,50913.77058823529,50524.12631578947,683.0799262957262,0.18098492068602884,-0.5914809836429074,1.0319473393969487,0.5987634571625927,AD,19,Cerebelo,S,aseg,volume,lh,A2_volume,False,True,46,A2,AD_sin_ansiedad,0.8897655688976558,False,24
19_Cerebellum_Cortex_volume_rh,36,"Q('19_Cerebellum_Cortex_volume_rh') ~ C(Grupo, Treatment(reference='Vestibular')) + Edad + C(Genero) + N_Educacional + eTIV",0.5642820109287138,1,30,0.4583925777959724,0.5360463540001664,0.4624537546245375,0.018462138607638363,6.895150229259672e-06,0.1600866241556742,0.8866108981521987,0.7739969653359928,0.10175050973584078,19,17,50725.958823529414,50103.936842105264,871.3623999818201,0.2556355926767193,-0.5689970911498642,1.1360973090799327,0.4583925777959638,AD,19,Cerebelo,S,aseg,volume,rh,A2_volume,False,True,46,A2,AD_sin_ansiedad,0.7927778650706357,False,24
1_comp_thickness_lh,26,"Q('1_comp_thickness_lh') ~ C(Grupo, Treatment(reference='Vestibular')) + Edad + C(Genero) + N_Educacional + STAI_Rasgo + BDI",0.13361873890101753,1,19,0.7187469982670597,0.6877124120866623,0.7191280871912809,0.0069834536124290005,3.4848431097392335e-08,0.08292229136730989,0.8575551831554291,0.7416417721380385,0.8474781940027382,13,13,2.7675630443620074,2.776054375505599,0.01879902336724168,0.17479001701544897,-0.9743209003479223,1.2581835058960744,0.7187469982670585,AD,1,Ínsula posterior,C,DS,thickness,lh,A1_thickness,True,False,46,A1,AD_con_ansiedad,0.8321629375523986,False,14
1_comp_thickness_rh,26,"Q('1_comp_thickness_rh') ~ C(Grupo, Treatment(reference='Vestibular')) + Edad + C(Genero) + N_Educacional + STAI_Rasgo + BDI",2.4449866423423616,1,19,0.1344039037031043,0.23908190838540405,0.1391860813918608,0.11401203848338252,0.0008126566309972233,0.49736662705303586,0.66291114557259,0.47343057227576296,0.3883769656460196,13,13,2.8570108074069656,2.8487602817889215,0.08124766492779198,0.7476893347021367,-0.8430676853245573,2.1543139445158173,0.13440390370310706,AD,1,Ínsula posterior,C,DS,thickness,rh,A1_thickness,True,False,46,A1,AD_con_ansiedad,0.33293337332933376,False,14
1_comp_area_lh,26,"Q('1_comp_area_lh') ~ C(Grupo, Treatment(reference='Vestibular')) + Edad + C(Genero) + N_Educacional + STAI_Rasgo + BDI + eTIV",3.0829643001391775,1,18,0.0961179571209182,0.0781056929313679,0.09249075092490751,0.14623011528406496,0.0001953374225695188,0.46304080087171073,0.22799474152343485,0.8189764427181165,0.78153804216165,13,13,1642.5384615384614,1691.076923076923,-72.58964768586648,-0.8399108676550737,-1.809496123404933,1.3132856641485804,0.09611795712091478,AD,1,Ínsula posterior,C,DS,area,lh,A1_area,True,True,46,A1,AD_con_ansiedad,0.3237176282371763,False,14
1_comp_area_rh,26,"Q('1_comp_area_rh') ~ C(Grupo, Treatment(reference='Vestibular')) + Edad + C(Genero) + N_Educacional + STAI_Rasgo + BDI + eTIV",2.335209591839094,1,18,0.14386018980742088,0.16937005852008535,0.13928607139286073,0.11483577689684879,0.00017226107162908184,0.44647190299998407,0.7005223941038425,0.16431852667451602,0.28129345040016934,13,13,1376.2307692307693,1393.8461538461538,-66.62608913697377,-0.7309907572380762,-1.70449169113872,1.7016320504664524,0.14386018980741608,AD,1,Ínsula posterior,C,DS,area,rh,A1_area,True,True,46,A1,AD_con_ansiedad,0.39000099990001,False,14
1_comp_volume_lh,26,"Q('1_comp_volume_lh') ~ C(Grupo, Treatment(reference='Vestibular')) + Edad + C(Genero) + N_Educacional + STAI_Rasgo + BDI + eTIV",1.419567291687935,1,18,0.24894833486751997,0.3231674113664788,0.25337466253374663,0.07309984153434487,4.624947786820288e-05,0.37481212695098015,0.24848235861728188,0.8747405403137982,0.6674501946012478,13,13,3872.230769230769,3988.5384615384614,-135.4316973595533,-0.569937121823224,-1.8269319747116635,1.026468112584752,0.2489483348675132,AD,1,Ínsula posterior,C,DS,volume,lh,A1_volume,True,True,46,A1,AD_con_ansiedad,0.6756657667566577,False,16
1_comp_volume_rh,26,"Q('1_comp_volume_rh') ~ C(Grupo, Treatment(reference='Vestibular')) + Edad + C(Genero) + N_Educacional + STAI_Rasgo + BDI + eTIV",0.4158885790827255,1,18,0.5271304023271361,0.5427729474763064,0.5323467653234677,0.022583139406865398,2.9807312817368572e-06,0.17749857257395052,0.5902584513147731,0.2145080870632825,0.37519291395341453,13,13,3395.0,3440.846153846154,-86.61983837991778,-0.308487413960134,-1.4195737124036831,1.4673364994033824,0.5271304023271293,AD,1,Ínsula posterior,C,DS,volume,rh,A1_volume,True,True,46,A1,AD_con_ansiedad,0.7834852878348528,False,16
1_comp_LGI_lh,26,"Q('1_comp_LGI_lh') ~ C(Grupo, Treatment(reference='Vestibular')) + Edad + C(Genero) + N_Educacional + STAI_Rasgo + BDI",2.642714039318029,1,19,0.12049794372345654,0.12190858119461791,0.12348765123487651,0.12210640654943025,0.0005737081111066561,0.5335171338022962,0.03332007983584011,0.24524213847142834,0.4244516810747866,13,13,3.926644654881763,4.163473776758856,-0.13717976288902345,-0.7773346487936251,-2.0259859777953606,0.8814690202878263,0.12049794372345425,AD,1,Ínsula posterior,C,DS,LGI,lh,A1_LGI,True,False,45,A1,AD_con_ansiedad,0.20749036207490362,False,14
1_comp_LGI_rh,26,"Q('1_comp_LGI_rh') ~ C(Grupo, Treatment(reference='Vestibular')) + Edad + C(Genero) + N_Educacional + STAI_Rasgo + BDI",5.4471805634263895,1,19,0.030734245201293916,0.04668695075432226,0.0313968603139686,0.22281426478992478,0.002737312056455093,0.5218258360281538,0.02569641908725272,0.4359043021710617,0.09592640925324876,13,13,3.980008016436676,4.265364817568215,-0.2393191903494864,-1.116011901640311,-2.186760277755805,0.4257077552937342,0.030734245201293538,AD,1,Ínsula posterior,C,DS,LGI,rh,A1_LGI,True,False,45,A1,AD_con_ansiedad,0.14651868146518682,False,14
2_supramarginal_thickness_lh,26,"Q('2_supramarginal_thickness_lh') ~ C(Grupo, Treatment(reference='Vestibular')) + Edad + C(Genero) + N_Educacional + STAI_Rasgo + BDI",4.499353395497355,1,19,0.047285823860113346,0.11132932462737567,0.0471952804719528,0.1914671148508905,0.0012996130958765656,0.603754914883318,0.10604812736498152,0.3030453297504123,0.44441240878384586,13,13,2.692923076923077,2.6366153846153844,0.09466400029504302,1.0142803063742658,-1.1513831444663554,2.499884789745442,0.04728582386011521,AD,2,Giro supramarginal,C,DKT,thickness,lh,A1_thickness,False,False,46,A1,AD_con_ansiedad,0.22537746225377464,False,14
2_supramarginal_thickness_rh,26,"Q('2_supramarginal_thickness_rh') ~ C(Grupo, Treatment(reference='Vestibular')) + Edad + C(Genero) + N_Educacional + STAI_Rasgo + BDI",0.7057082199154465,1,19,0.41131908143729495,0.46520175304839445,0.4186581341865813,0.03581237538076541,8.188840821176292e-06,0.29472125705047947,0.7387966245932591,0.9391789428979709,0.9353751837537209,13,13,2.672846153846154,2.662384615384615,0.03597034666673138,0.40169416976560596,-1.0568244424317796,1.7696505177826978,0.41131908143730667,AD,2,Giro supramarginal,C,DKT,thickness,rh,A1_thickness,False,False,46,A1,AD_con_ansiedad,0.5878012198780121,False,14
2_supramarginal_area_lh,26,"Q('2_supramarginal_area_lh') ~ C(Grupo, Treatment(reference='Vestibular')) + Edad + C(Genero) + N_Educacional + STAI_Rasgo + BDI + eTIV",0.658036504380905,1,18,0.4278506578079992,0.4760127111870859,0.42485751424857515,0.035268261171340194,3.342706401108029e-05,0.2941447335963086,0.7388826803635237,0.8050409768687539,0.9813347801237838,13,13,3609.4615384615386,3770.0,-158.93389927721626,-0.3880377217645779,-2.608706397608876,0.8174508378128948,0.42785065780800396,AD,2,Giro supramarginal,C,DKT,area,lh,A1_area,False,True,46,A1,AD_con_ansiedad,0.5786805934791136,False,14
2_supramarginal_area_rh,26,"Q('2_supramarginal_area_rh') ~ C(Grupo, Treatment(reference='Vestibular')) + Edad + C(Genero) + N_Educacional + STAI_Rasgo + BDI + eTIV",4.482072962405065,1,18,0.048438595056031084,0.16545994083518062,0.0463953604639536,0.1993620859562225,0.00022356260320558827,0.5949504716782335,0.19974777533031102,0.2740194827941866,0.3841346524862143,13,13,3223.076923076923,3579.4615384615386,-313.3975535548485,-1.0127177309358617,-2.389712447618691,1.9770629518954579,0.048438595056029675,AD,2,Giro supramarginal,C,DKT,area,rh,A1_area,False,True,46,A1,AD_con_ansiedad,0.3237176282371763,False,14
2_supramarginal_volume_lh,26,"Q('2_supramarginal_volume_lh') ~ C(Grupo, Treatment(reference='Vestibular')) + Edad + C(Genero) + N_Educacional + STAI_Rasgo + BDI + eTIV",0.058502541377728895,1,18,0.8116127489041637,0.8580279708296408,0.8101189881011899,0.003239611991286714,1.014226699088403e-10,0.02603731179031304,0.7005223941038425,0.8762964051935984,0.5247867292250125,13,13,10206.461538461539,10305.538461538461,118.17653222985734,0.11570078858848219,-1.6993842334875247,1.5245472713525683,0.8116127489041771,AD,2,Giro supramarginal,C,DKT,volume,lh,A1_volume,False,True,46,A1,AD_con_ansiedad,0.9632036796320368,False,16
2_supramarginal_volume_rh,26,"Q('2_supramarginal_volume_rh') ~ C(Grupo, Treatment(reference='Vestibular')) + Edad + C(Genero) + N_Educacional + STAI_Rasgo + BDI + eTIV",2.8991649349568336,1,18,0.10583101419158113,0.2315522089934744,0.10598940105989402,0.13872156825307247,3.903169258779158e-05,0.502875028732641,0.20896726495634396,0.20340667150556824,0.9601120804660275,13,13,8995.0,9977.538461538461,-769.018285224531,-0.8144893583306849,-2.032233174272195,1.9332838439559452,0.10583101419157805,AD,2,Giro supramarginal,C,DKT,volume,rh,A1_volume,False,True,46,A1,AD_con_ansiedad,0.5935406459354065,False,16
2_supramarginal_LGI_lh,26,"Q('2_supramarginal_LGI_lh') ~ C(Grupo, Treatment(reference='Vestibular')) + Edad + C(Genero) + N_Educacional + STAI_Rasgo + BDI",3.741141794531972,1,19,0.06812269742714239,0.09077369119839543,0.067993200679932,0.16450984864056017,0.0013576612425659869,0.4838129251823556,0.02248631278069519,0.729135412040854,0.6891181056273685,13,13,3.2691538461538463,3.4123076923076923,-0.11693867894662108,-0.9248792261650643,-1.9825647982373196,0.48486267984204545,0.06812269742714255,AD,2,Giro supramarginal,C,DKT,LGI,lh,A1_LGI,False,False,45,A1,AD_con_ansiedad,0.19094090590940907,False,14
2_supramarginal_LGI_rh,26,"Q('2_supramarginal_LGI_rh') ~ C(Grupo, Treatment(reference='Vestibular')) + Edad + C(Genero) + N_Educacional + STAI_Rasgo + BDI",2.7041427943120637,1,19,0.1165321463504006,0.12926171176343762,0.11638836116388361,0.12459108935740738,0.0010027629174898234,0.44684152834946345,0.042801584180444316,0.6309376554704853,0.3952169206425583,13,13,3.2385384615384614,3.3626153846153843,-0.08976144711441986,-0.7863171553694904,-1.8481487799734835,0.3788604605885463,0.11653214635040034,AD,2,Giro supramarginal,C,DKT,LGI,rh,A1_LGI,False,False,45,A1,AD_con_ansiedad,0.20749036207490362,False,14
3_superiortemporal_thickness_lh,26,"Q('3_superiortemporal_thickness_lh') ~ C(Grupo, Treatment(reference='Vestibular')) + Edad + C(Genero) + N_Educacional + STAI_Rasgo + BDI",0.689856320992056,1,19,0.4165285558395579,0.4127676221923312,0.41985801419858015,0.03503612772717775,6.281520791067152e-05,0.28939177875309374,0.7004249107940126,0.7136291755100426,0.9066127871698856,13,13,2.9047692307692308,2.8787692307692305,0.05318256316276854,0.3971570391870401,-0.7257607613366495,1.7252326757202123,0.4165285558395486,AD,3,Temporal superior,C,DKT,thickness,lh,A1_thickness,False,False,46,A1,AD_con_ansiedad,0.5878012198780121,False,14
3_superiortemporal_thickness_rh,26,"Q('3_superiortemporal_thickness_rh') ~ C(Grupo, Treatment(reference='Vestibular')) + Edad + C(Genero) + N_Educacional + STAI_Rasgo + BDI",0.2903886366037621,1,19,0.5962298268473029,0.6279246211189033,0.5972402759724028,0.015053539981706015,2.4080750873748263e-08,0.13846575519803503,0.9795436630870078,0.7432076429461292,0.6431726786520693,13,13,2.9579230769230773,2.9523076923076923,0.02584976731120392,0.2576752755931935,-0.887611159862683,1.461621869297433,0.5962298268473172,AD,3,Temporal superior,C,DKT,thickness,rh,A1_thickness,False,False,46,A1,AD_con_ansiedad,0.76012398760124,False,14
3_superiortemporal_area_lh,26,"Q('3_superiortemporal_area_lh') ~ C(Grupo, Treatment(reference='Vestibular')) + Edad + C(Genero) + N_Educacional + STAI_Rasgo + BDI + eTIV",1.3745240897505124,1,18,0.25631961064183395,0.38497668604962354,0.258974102589741,0.07094492145371774,6.890826525077737e-05,0.4391566166425275,0.7779041884556623,0.4552171029788842,0.6581058908926366,13,13,5092.0,5180.307692307692,-158.7699740209166,-0.5608221146066594,-2.159626368638747,1.2398866802829887,0.2563196106418262,AD,3,Temporal superior,C,DKT,area,lh,A1_area,False,True,46,A1,AD_con_ansiedad,0.4532046795320468,False,14
3_superiortemporal_area_rh,26,"Q('3_superiortemporal_area_rh') ~ C(Grupo, Treatment(reference='Vestibular')) + Edad + C(Genero) + N_Educacional + STAI_Rasgo + BDI + eTIV",3.452350322002648,1,18,0.07959638376414487,0.20705138126944553,0.0812918708129187,0.16093109939854647,0.0006398047910342273,0.5510737164912642,0.2702165065079657,0.06838463425729262,0.8365578964566833,13,13,4676.2307692307695,4924.846153846154,-276.47567582185246,-0.8888047810872988,-2.364971216764018,0.7822013086046751,0.0795963837641433,AD,3,Temporal superior,C,DKT,area,rh,A1_area,False,True,46,A1,AD_con_ansiedad,0.3237176282371763,False,14
3_superiortemporal_volume_lh,26,"Q('3_superiortemporal_volume_lh') ~ C(Grupo, Treatment(reference='Vestibular')) + Edad + C(Genero) + N_Educacional + STAI_Rasgo + BDI + eTIV",0.011988534391297096,1,18,0.9140235876267565,0.9191665687368128,0.9139086091390861,0.000665586388110714,2.4946981191733488e-09,0.004836866185844431,0.66291114557259,0.553789512320907,0.7301579837563713,13,13,16159.153846153846,16132.384615384615,52.20807980468044,0.0523759603954152,-1.1143758179942735,1.5361047052270695,0.9140235876267085,AD,3,Temporal superior,C,DKT,volume,lh,A1_volume,False,True,46,A1,AD_con_ansiedad,0.9632036796320368,False,16
3_superiortemporal_volume_rh,26,"Q('3_superiortemporal_volume_rh') ~ C(Grupo, Treatment(reference='Vestibular')) + Edad + C(Genero) + N_Educacional + STAI_Rasgo + BDI + eTIV",1.6145780243882766,1,18,0.22002743616636314,0.34824227140309255,0.22257774222577742,0.08231520567920199,0.0006105958895472795,0.460689375346834,0.5214348162215725,0.03834483226392106,0.5471685685165646,13,13,15077.076923076924,15894.307692307691,-752.0962840509549,-0.6078248776578594,-2.254666171513765,0.6740206145013726,0.2200274361663608,AD,3,Temporal superior,C,DKT,volume,rh,A1_volume,False,True,46,A1,AD_con_ansiedad,0.6756657667566577,False,16
3_superiortemporal_LGI_lh,26,"Q('3_superiortemporal_LGI_lh') ~ C(Grupo, Treatment(reference='Vestibular')) + Edad + C(Genero) + N_Educacional + STAI_Rasgo + BDI",2.402474550223795,1,19,0.1376403763174969,0.2243220994594144,0.13338666133386662,0.1122521858201987,0.0005441366207210117,0.5125872801447596,0.01707804822106005,0.3463929475788534,0.3688180456418356,13,13,3.4326923076923075,3.6073076923076925,-0.09764853357052772,-0.741160623986117,-2.1466455198953356,0.6045504885004734,0.1376403763174969,AD,3,Temporal superior,C,DKT,LGI,lh,A1_LGI,False,False,45,A1,AD_con_ansiedad,0.20749036207490362,False,14
3_superiortemporal_LGI_rh,26,"Q('3_superiortemporal_LGI_rh') ~ C(Grupo, Treatment(reference='Vestibular')) + Edad + C(Genero) + N_Educacional + STAI_Rasgo + BDI",2.7202589378266495,1,19,0.1155175380811972,0.16689519027296415,0.10878912108789121,0.1252406311367318,0.001653315771742295,0.45206489772237424,0.015923312956278007,0.776106293762276,0.3969423634915708,13,13,3.3806153846153846,3.5778461538461537,-0.10814233687816904,-0.7886568200815826,-1.9841917494171777,0.4811518296618819,0.11551753808120103,AD,3,Temporal superior,C,DKT,LGI,rh,A1_LGI,False,False,45,A1,AD_con_ansiedad,0.20749036207490362,False,14
4_Hippocampus_volume_lh,26,"Q('4_Hippocampus_volume_lh') ~ C(Grupo, Treatment(reference='Vestibular')) + Edad + C(Genero) + N_Educacional + STAI_Rasgo + BDI + eTIV",2.92808102403198,1,18,0.10422842575955454,0.07531578674601078,0.10178982101789821,0.13991158676562976,0.0012816058461728708,0.5027729393127065,0.17415471397739768,0.4255895710288241,0.5087677043785747,13,13,4001.492307692308,4254.2,-295.01464841553116,-0.8185411132765684,-1.9376168342614313,0.5927011692421162,0.10422842575955196,AD,4,Hipocampo,S,aseg,volume,lh,A1_volume,False,True,46,A1,AD_con_ansiedad,0.5935406459354065,False,16
4_Hippocampus_volume_rh,26,"Q('4_Hippocampus_volume_rh') ~ C(Grupo, Treatment(reference='Vestibular')) + Edad + C(Genero) + N_Educacional + STAI_Rasgo + BDI + eTIV",0.9389949505735307,1,18,0.34537780784537553,0.35175399030380977,0.35156484351564843,0.04957997787232606,4.2976949675519196e-05,0.31267180129425665,0.4571247100343526,0.45345073063540386,0.7776465649577313,13,13,4210.7692307692305,4317.723076923077,-173.66643684375396,-0.4635329180217697,-1.6569116966448816,0.8256060875724665,0.3453778078453728,AD,4,Hipocampo,S,aseg,volume,rh,A1_volume,False,True,46,A1,AD_con_ansiedad,0.7834852878348528,False,16
5_parahippocampal_thickness_lh,26,"Q('5_parahippocampal_thickness_lh') ~ C(Grupo, Treatment(reference='Vestibular')) + Edad + C(Genero) + N_Educacional + STAI_Rasgo + BDI",2.3353881143273707,1,19,0.14294080926817318,0.25453224016586135,0.1426857314268573,0.10946077483160878,8.71652111491024e-05,0.45593950708619535,0.03547244783516377,0.6063069308524671,0.2577772779333661,13,13,2.663923076923077,2.7993076923076923,-0.13690271452223446,-0.7307393140219454,-1.8514420520493198,1.3384276403453712,0.14294080926817235,AD,5,Corteza parahipocampal,C,DKT,thickness,lh,A1_thickness,False,False,46,A1,AD_con_ansiedad,0.33293337332933376,False,14
5_parahippocampal_thickness_rh,26,"Q('5_parahippocampal_thickness_rh') ~ C(Grupo, Treatment(reference='Vestibular')) + Edad + C(Genero) + N_Educacional + STAI_Rasgo + BDI",1.5044964460968153,1,19,0.23496473768222662,0.3759545248799768,0.23367663233676633,0.07337397677879612,0.00013070673495633813,0.3860231276239109,0.3832389639892442,0.8692912661260908,0.27144029880210346,13,13,2.632,2.718923076923077,-0.09629325421692592,-0.5865141895379523,-1.8150006961428231,1.0671240509177986,0.23496473768222578,AD,5,Corteza parahipocampal,C,DKT,thickness,rh,A1_thickness,False,False,46,A1,AD_con_ansiedad,0.4089341065893411,False,14
5_parahippocampal_area_lh,26,"Q('5_parahippocampal_area_lh') ~ C(Grupo, Treatment(reference='Vestibular')) + Edad + C(Genero) + N_Educacional + STAI_Rasgo + BDI + eTIV",0.5075586166311673,1,18,0.48533086340837345,0.5637530122600636,0.47865213478652135,0.02742439600731928,1.331060324975709e-06,0.23184556067834633,0.9795436630870078,0.3014611754571688,0.9445470049152731,13,13,704.0,727.0769230769231,-20.81933229024166,-0.3407940904767787,-1.6216173419059896,1.197247699306559,0.4853308634083648,AD,5,Corteza parahipocampal,C,DKT,area,lh,A1_area,False,True,46,A1,AD_con_ansiedad,0.5786805934791136,False,14
5_parahippocampal_area_rh,26,"Q('5_parahippocampal_area_rh') ~ C(Grupo, Treatment(reference='Vestibular')) + Edad + C(Genero) + N_Educacional + STAI_Rasgo + BDI + eTIV",0.7458485270563135,1,18,0.39915586780887474,0.2975776638974294,0.41305869413058693,0.03978739751256462,7.699045876846981e-05,0.29705748639322466,0.5048393941263605,0.2461476732858897,0.14243637133002457,13,13,674.0769230769231,660.5384615384615,22.661552423752724,0.41311814545491193,-0.6104139074991669,1.6095829092552394,0.3991558678088838,AD,5,Corteza parahipocampal,C,DKT,area,rh,A1_area,False,True,46,A1,AD_con_ansiedad,0.5786805934791136,False,14
5_parahippocampal_volume_lh,26,"Q('5_parahippocampal_volume_lh') ~ C(Grupo, Treatment(reference='Vestibular')) + Edad + C(Genero) + N_Educacional + STAI_Rasgo + BDI + eTIV",2.775249035645836,1,18,0.11303894630595317,0.23089194503108476,0.11128887111288871,0.13358439318268142,0.00012185933872055327,0.46481777520798784,0.10622742978000398,0.5181814394412559,0.43564440757018263,13,13,2094.769230769231,2287.846153846154,-200.650264974972,-0.796892855119584,-1.8926733796990336,1.7409392653595854,0.11303894630595063,AD,5,Corteza parahipocampal,C,DKT,volume,lh,A1_volume,False,True,46,A1,AD_con_ansiedad,0.5935406459354065,False,16
5_parahippocampal_volume_rh,26,"Q('5_parahippocampal_volume_rh') ~ C(Grupo, Treatment(reference='Vestibular')) + Edad + C(Genero) + N_Educacional + STAI_Rasgo + BDI + eTIV",0.013368610351040101,1,18,0.9092317015169137,0.9303603639036431,0.9097090290970903,0.000742149380286266,1.96614150531501e-08,0.006046777813523343,0.8374445584475245,0.6666300436207168,0.3300736095129843,13,13,1947.6153846153845,1961.923076923077,-9.591624464732263,-0.05530852612339005,-1.2182354108879296,1.6444650436572732,0.9092317015169153,AD,5,Corteza parahipocampal,C,DKT,volume,rh,A1_volume,False,True,46,A1,AD_con_ansiedad,0.9632036796320368,False,16
5_parahippocampal_LGI_lh,26,"Q('5_parahippocampal_LGI_lh') ~ C(Grupo, Treatment(reference='Vestibular')) + Edad + C(Genero) + N_Educacional + STAI_Rasgo + BDI",7.540404116927562,1,19,0.012846433392253855,0.014532408248456802,0.013498650134986502,0.2841103731392796,0.012501060854700104,0.625121246793839,0.014837800793098025,0.2572177644524256,0.7435263936791682,13,13,2.5970769230769233,2.699076923076923,-0.12178399139066096,-1.3130469381320438,-2.528012099262453,0.40963085320012543,0.012846433392253347,AD,5,Corteza parahipocampal,C,DKT,LGI,lh,A1_LGI,False,False,45,A1,AD_con_ansiedad,0.14418558144185584,False,14
5_parahippocampal_LGI_rh,26,"Q('5_parahippocampal_LGI_rh') ~ C(Grupo, Treatment(reference='Vestibular')) + Edad + C(Genero) + N_Educacional + STAI_Rasgo + BDI",0.5798113975405469,1,19,0.4557342899138076,0.4871184861229699,0.4517548245175482,0.029612716168112733,1.6184673216137692e-05,0.26275201781410373,0.5215060239121562,0.7229765080843915,0.9226814623433593,13,13,2.6739230769230766,2.7250769230769234,-0.04681107473173293,-0.36410472468872535,-1.7217496805004162,1.0781459948497651,0.45573428991381054,AD,5,Corteza parahipocampal,C,DKT,LGI,rh,A1_LGI,False,False,45,A1,AD_con_ansiedad,0.527047295270473,False,14
6_entorhinal_thickness_lh,26,"Q('6_entorhinal_thickness_lh') ~ C(Grupo, Treatment(reference='Vestibular')) + Edad + C(Genero) + N_Educacional + STAI_Rasgo + BDI",0.008641106976210967,1,19,0.9269104839612301,0.9359206865935655,0.926007399260074,0.0004545883594508848,2.4999830564837063e-08,0.002252808209515751,0.44167826523048437,0.9733038110358578,0.10626413675885905,13,13,2.7809999999999997,2.825307692307692,0.0072112130957396325,0.04444957687855599,-1.4309695312817283,1.2416814561687843,0.9269104839612125,AD,6,Corteza entorrinal,C,DKT,thickness,lh,A1_thickness,False,False,46,A1,AD_con_ansiedad,0.926007399260074,False,14
6_entorhinal_thickness_rh,26,"Q('6_entorhinal_thickness_rh') ~ C(Grupo, Treatment(reference='Vestibular')) + Edad + C(Genero) + N_Educacional + STAI_Rasgo + BDI",0.08424762252016658,1,19,0.7747657969536469,0.8359887674929127,0.7727227277272273,0.004414511076703441,8.809209650421333e-10,0.039391491871917116,0.9795436630870078,0.2822608024879165,0.16047544081632775,13,13,2.8524615384615384,2.8613846153846154,0.02741207413756594,0.13879114777315232,-1.8222557614580563,1.448648840690303,0.7747657969536669,AD,6,Corteza entorrinal,C,DKT,thickness,rh,A1_thickness,False,False,46,A1,AD_con_ansiedad,0.8321629375523986,False,14
6_entorhinal_area_lh,26,"Q('6_entorhinal_area_lh') ~ C(Grupo, Treatment(reference='Vestibular')) + Edad + C(Genero) + N_Educacional + STAI_Rasgo + BDI + eTIV",5.09745227108753,1,18,0.036620030756294955,0.1463770375105772,0.0387961203879612,0.22069327003083875,0.000136875279797007,0.6180332274581342,0.14386772848161059,0.12837839116243016,0.5166700353644044,13,13,392.0,439.0,-58.71920954582411,-1.080004429780199,-2.213670122825132,1.8789824574253569,0.036620030756295,AD,6,Corteza entorrinal,C,DKT,area,lh,A1_area,False,True,46,A1,AD_con_ansiedad,0.3237176282371763,False,14
6_entorhinal_area_rh,26,"Q('6_entorhinal_area_rh') ~ C(Grupo, Treatment(reference='Vestibular')) + Edad + C(Genero) + N_Educacional + STAI_Rasgo + BDI + eTIV",1.4094745571085883,1,18,0.25057565360332384,0.40672441049547314,0.2525747425257474,0.07261786262999982,1.5396068379482618e-05,0.3475206190973128,0.8979171996061481,0.36308340959968133,0.3306351170084873,13,13,378.15384615384613,393.38461538461536,-29.664289543112346,-0.5679074593959709,-1.6225199059419828,2.4913352856363167,0.2505756536033231,AD,6,Corteza entorrinal,C,DKT,area,rh,A1_area,False,True,46,A1,AD_con_ansiedad,0.4532046795320468,False,14
6_entorhinal_volume_lh,26,"Q('6_entorhinal_volume_lh') ~ C(Grupo, Treatment(reference='Vestibular')) + Edad + C(Genero) + N_Educacional + STAI_Rasgo + BDI + eTIV",1.8792111264796485,1,18,0.18727617812211814,0.32363404633555265,0.19118088191180882,0.09453147383582483,9.662204026157898e-06,0.43274839008718446,0.05447039002747694,0.1467707894713442,0.7165162866071549,13,13,1327.6153846153845,1455.5384615384614,-124.93398141267346,-0.6557476461911238,-1.8129291490735093,2.0724662730798453,0.1872761781221188,AD,6,Corteza entorrinal,C,DKT,volume,lh,A1_volume,False,True,46,A1,AD_con_ansiedad,0.6756657667566577,False,16
6_entorhinal_volume_rh,26,"Q('6_entorhinal_volume_rh') ~ C(Grupo, Treatment(reference='Vestibular')) + Edad + C(Genero) + N_Educacional + STAI_Rasgo + BDI + eTIV",0.41556022422483313,1,18,0.5272916959217573,0.573894031616086,0.5288471152884712,0.022565711776619347,2.9241507056236168e-08,0.1858485017019313,0.8979866418423446,0.8488083588985591,0.30097707721249733,13,13,1320.2307692307693,1335.3076923076924,-46.713410169494665,-0.30836561049233285,-1.324875151988102,1.7272357621188943,0.527291695921752,AD,6,Corteza entorrinal,C,DKT,volume,rh,A1_volume,False,True,46,A1,AD_con_ansiedad,0.7834852878348528,False,16
6_entorhinal_LGI_lh,26,"Q('6_entorhinal_LGI_lh') ~ C(Grupo, Treatment(reference='Vestibular')) + Edad + C(Genero) + N_Educacional + STAI_Rasgo + BDI",0.007849202306203977,1,19,0.9303303853983005,0.9188948109748794,0.929007099290071,0.00041294531657225274,1.0086289992140475e-08,0.0026433417558404653,0.6261311406690895,0.3492988504565432,0.9696923521100275,13,13,2.411230769230769,2.4193076923076924,0.004031466616303908,0.042363877324934886,-0.9015619498778386,1.2483274951281549,0.9303303853982047,AD,6,Corteza entorrinal,C,DKT,LGI,lh,A1_LGI,False,False,45,A1,AD_con_ansiedad,0.929007099290071,False,14
6_entorhinal_LGI_rh,26,"Q('6_entorhinal_LGI_rh') ~ C(Grupo, Treatment(reference='Vestibular')) + Edad + C(Genero) + N_Educacional + STAI_Rasgo + BDI",0.018739249868134824,1,19,0.8925568068410726,0.90668578085729,0.8951104889511049,0.0009853045263378722,3.225878661328203e-10,0.005845661613104627,0.3425990157148053,0.7964420355416889,0.9351049678894214,13,13,2.4744615384615383,2.506153846153846,-0.007003973845492839,-0.06545744378352829,-1.497581111479462,1.1558298154463174,0.8925568068411074,AD,6,Corteza entorrinal,C,DKT,LGI,rh,A1_LGI,False,False,45,A1,AD_con_ansiedad,0.929007099290071,False,14
7_precuneus_thickness_lh,26,"Q('7_precuneus_thickness_lh') ~ C(Grupo, Treatment(reference='Vestibular')) + Edad + C(Genero) + N_Educacional + STAI_Rasgo + BDI",4.7130026011354635,1,19,0.0428109925375252,0.057992930908724025,0.0408959104089591,0.19875182744296532,0.0019424204375028573,0.5531212873549997,0.41184388378685166,0.6837160041440693,0.12046341662781763,13,13,2.4996923076923077,2.4658461538461536,0.09423787193558586,1.0380822856595588,-0.5349820943980947,2.1185431959602923,0.04281099253752627,AD,7,Precúneo,C,DKT,thickness,lh,A1_thickness,False,False,46,A1,AD_con_ansiedad,0.22537746225377464,False,14
7_precuneus_thickness_rh,26,"Q('7_precuneus_thickness_rh') ~ C(Grupo, Treatment(reference='Vestibular')) + Edad + C(Genero) + N_Educacional + STAI_Rasgo + BDI",3.338537370214359,1,19,0.08342622094644975,0.20818911838070228,0.0831916808319168,0.14945192314452424,0.0005141213763306706,0.5443770260379627,0.8374171425781071,0.1482256343852102,0.470189423523117,13,13,2.521230769230769,2.495923076923077,0.08063617223353789,0.8736974362311838,-0.9663080776596497,2.2750787367889664,0.08342622094645177,AD,7,Precúneo,C,DKT,thickness,rh,A1_thickness,False,False,46,A1,AD_con_ansiedad,0.29117088291170884,False,14
7_precuneus_area_lh,26,"Q('7_precuneus_area_lh') ~ C(Grupo, Treatment(reference='Vestibular')) + Edad + C(Genero) + N_Educacional + STAI_Rasgo + BDI + eTIV",0.405764908023248,1,18,0.5321456641661114,0.59315981527444,0.5373462653734626,0.022045533562496562,3.6061553666781528e-06,0.20352371175908252,0.8174940863633529,0.7280227420811461,0.9276580954808953,13,13,3631.846153846154,3732.4615384615386,-106.0285891692647,-0.30470964085161134,-1.9735015640757256,0.9613540298048344,0.5321456641661025,AD,7,Precúneo,C,DKT,area,lh,A1_area,False,True,46,A1,AD_con_ansiedad,0.5786805934791136,False,14
7_precuneus_area_rh,26,"Q('7_precuneus_area_rh') ~ C(Grupo, Treatment(reference='Vestibular')) + Edad + C(Genero) + N_Educacional + STAI_Rasgo + BDI + eTIV",1.6705136763575317,1,18,0.21253594582264831,0.24187503276833935,0.20987901209879012,0.08492476118533511,0.0007456596112131886,0.4884503356558175,0.7388826803635237,0.5983575663866151,0.98138155472918,13,13,3894.153846153846,4120.076923076923,-212.91549462704774,-0.6182640159656334,-1.9434802443941397,0.6078170672343151,0.21253594582264468,AD,7,Precúneo,C,DKT,area,rh,A1_area,False,True,46,A1,AD_con_ansiedad,0.4532046795320468,False,14
7_precuneus_volume_lh,26,"Q('7_precuneus_volume_lh') ~ C(Grupo, Treatment(reference='Vestibular')) + Edad + C(Genero) + N_Educacional + STAI_Rasgo + BDI + eTIV",0.3850920189756035,1,18,0.5426687389933448,0.654824950654264,0.5386461353864613,0.020945884773279497,2.2375354769724253e-07,0.18234305757859817,0.7779041884556623,0.2992991983958265,0.9151463848460131,13,13,9381.0,9449.0,226.01614510769866,0.2968460072361146,-1.271391798543847,1.7552770900012695,0.5426687389933537,AD,7,Precúneo,C,DKT,volume,lh,A1_volume,False,True,46,A1,AD_con_ansiedad,0.7834852878348528,False,16
7_precuneus_volume_rh,26,"Q('7_precuneus_volume_rh') ~ C(Grupo, Treatment(reference='Vestibular')) + Edad + C(Genero) + N_Educacional + STAI_Rasgo + BDI + eTIV",0.002577497563770753,1,18,0.9600686925076536,0.9654795228050748,0.9632036796320368,0.00014317380742394012,4.233551803797282e-08,0.0003504266167001087,0.8174940863633529,0.76726989907697,0.7133200262872638,13,13,10004.76923076923,10325.0,23.330645046334325,0.024285557886702593,-1.3425342149477262,1.333742122462411,0.9600686925076461,AD,7,Precúneo,C,DKT,volume,rh,A1_volume,False,True,46,A1,AD_con_ansiedad,0.9632036796320368,False,16
7_precuneus_LGI_lh,26,"Q('7_precuneus_LGI_lh') ~ C(Grupo, Treatment(reference='Vestibular')) + Edad + C(Genero) + N_Educacional + STAI_Rasgo + BDI",1.2037056029279503,1,19,0.286293100030295,0.3174849276203159,0.2920707929207079,0.059578456872461424,8.61899340549959e-06,0.29988392372445044,0.17415471397739768,0.30966552069440223,0.8749618638411992,13,13,2.599307692307692,2.6783076923076923,-0.07891911098460797,-0.5246178718923904,-1.488617038138239,1.200896819905443,0.2862931000302987,AD,7,Precúneo,C,DKT,LGI,lh,A1_LGI,False,False,45,A1,AD_con_ansiedad,0.4088991100889911,False,14
7_precuneus_LGI_rh,26,"Q('7_precuneus_LGI_rh') ~ C(Grupo, Treatment(reference='Vestibular')) + Edad + C(Genero) + N_Educacional + STAI_Rasgo + BDI",0.7480673754067396,1,19,0.39787781799731853,0.4855817247447279,0.39876012398760124,0.03788053591200249,5.898430179791896e-06,0.27187648596172004,0.24856324821717884,0.1606089920713467,0.7365027176033155,13,13,2.7645384615384616,2.8268461538461533,-0.07797358837722684,-0.41357406612657144,-1.6922671647969796,1.125734980373154,0.3978778179973111,AD,7,Precúneo,C,DKT,LGI,rh,A1_LGI,False,False,45,A1,AD_con_ansiedad,0.5075128850751288,False,14
8_isthmuscingulate_thickness_lh,26,"Q('8_isthmuscingulate_thickness_lh') ~ C(Grupo, Treatment(reference='Vestibular')) + Edad + C(Genero) + N_Educacional + STAI_Rasgo + BDI",4.486914099134171,1,19,0.04756242047538725,0.05845291540926697,0.048295170482951705,0.19103889426238324,0.0013351623045122958,0.5169339210692374,0.1583928218500184,0.8349256924188281,0.8896162575781584,13,13,2.3696153846153845,2.2842307692307693,0.11712470241602674,1.012877253006965,-0.8215580853287291,2.0686770738579545,0.04756242047538802,AD,8,Istmo del cíngulo,C,DKT,thickness,lh,A1_thickness,False,False,46,A1,AD_con_ansiedad,0.22537746225377464,False,14
8_isthmuscingulate_thickness_rh,26,"Q('8_isthmuscingulate_thickness_rh') ~ C(Grupo, Treatment(reference='Vestibular')) + Edad + C(Genero) + N_Educacional + STAI_Rasgo + BDI",1.9308493750466895,1,19,0.18073528255442142,0.11285864776268363,0.1785821417858214,0.0922489737730666,0.001730156356923424,0.4163094233136205,0.20888942778936173,0.10858699909885033,0.4582308752191344,13,13,2.269923076923077,2.232076923076923,0.06537277033904765,0.6644420941279184,-0.4081682080661434,1.6962132027647918,0.18073528255442076,AD,8,Istmo del cíngulo,C,DKT,thickness,rh,A1_thickness,False,False,46,A1,AD_con_ansiedad,0.3571642835716428,False,14
8_isthmuscingulate_area_lh,26,"Q('8_isthmuscingulate_area_lh') ~ C(Grupo, Treatment(reference='Vestibular')) + Edad + C(Genero) + N_Educacional + STAI_Rasgo + BDI + eTIV",0.46770016887218013,1,18,0.502757088125899,0.647080336004698,0.49645035496450357,0.025325306594510436,5.788938203420584e-07,0.2120899698912263,0.38315760409486044,0.8976932309055627,0.24427675038105098,13,13,1003.1538461538462,1048.923076923077,-31.024632204666418,-0.3271392970508585,-1.6903038378751434,3.560990047328479,0.5027570881258929,AD,8,Istmo del cíngulo,C,DKT,area,lh,A1_area,False,True,46,A1,AD_con_ansiedad,0.5786805934791136,False,14
8_isthmuscingulate_area_rh,26,"Q('8_isthmuscingulate_area_rh') ~ C(Grupo, Treatment(reference='Vestibular')) + Edad + C(Genero) + N_Educacional + STAI_Rasgo + BDI + eTIV",0.18530326105925668,1,18,0.671964877995611,0.6669650266115321,0.6804319568043196,0.010189726198080633,7.456084653026782e-09,0.10533141028277133,0.8575551831554291,0.17799575782214427,0.3327436131382828,13,13,956.6153846153846,939.6153846153846,13.267576196616986,0.2059161852192029,-1.6029492869642041,1.6452797835440192,0.6719648779956081,AD,8,Istmo del cíngulo,C,DKT,area,rh,A1_area,False,True,46,A1,AD_con_ansiedad,0.6804319568043196,False,14
8_isthmuscingulate_volume_lh,26,"Q('8_isthmuscingulate_volume_lh') ~ C(Grupo, Treatment(reference='Vestibular')) + Edad + C(Genero) + N_Educacional + STAI_Rasgo + BDI + eTIV",0.19258196392621682,1,18,0.6659984912228867,0.7341559039271595,0.657034296570343,0.010585741172313229,1.4129957319795664e-08,0.12023353570434683,0.7005223941038425,0.09631982568173886,0.8027562510045865,13,13,2500.6923076923076,2536.769230769231,64.31147474648262,0.20992142142943013,-1.085611615822094,2.3435975875491946,0.6659984912228867,AD,8,Istmo del cíngulo,C,DKT,volume,lh,A1_volume,False,True,46,A1,AD_con_ansiedad,0.8760457287604573,False,16
8_isthmuscingulate_volume_rh,26,"Q('8_isthmuscingulate_volume_rh') ~ C(Grupo, Treatment(reference='Vestibular')) + Edad + C(Genero) + N_Educacional + STAI_Rasgo + BDI + eTIV",0.4742632434049357,1,18,0.49981317949594756,0.41156969440568486,0.49565043495650435,0.02567156466032502,3.449986709505838e-05,0.24707610055718882,0.7779041884556623,0.09780515430105974,0.885458455979778,13,13,2320.846153846154,2261.923076923077,75.92016937451532,0.3294266169567349,-0.8530032007046316,1.5969868614948124,0.4998131794959479,AD,8,Istmo del cíngulo,C,DKT,volume,rh,A1_volume,False,True,46,A1,AD_con_ansiedad,0.7834852878348528,False,16
8_isthmuscingulate_LGI_lh,26,"Q('8_isthmuscingulate_LGI_lh') ~ C(Grupo, Treatment(reference='Vestibular')) + Edad + C(Genero) + N_Educacional + STAI_Rasgo + BDI",6.491882258506051,1,19,0.01964563930085848,0.041606149317344604,0.020597940205979402,0.2546646886516142,0.007012707362669588,0.6000241236506365,0.029295496047938366,0.6823391459889923,0.14674424523599994,13,13,2.473307692307692,2.5883846153846153,-0.15938066625420128,-1.2183393116661934,-2.481816326994657,0.2836357722641564,0.019645639300858095,AD,8,Istmo del cíngulo,C,DKT,LGI,lh,A1_LGI,False,False,45,A1,AD_con_ansiedad,0.14418558144185584,False,14
8_isthmuscingulate_LGI_rh,26,"Q('8_isthmuscingulate_LGI_rh') ~ C(Grupo, Treatment(reference='Vestibular')) + Edad + C(Genero) + N_Educacional + STAI_Rasgo + BDI",3.67843151855609,1,19,0.07027694448342305,0.12682479100951988,0.06819318068193181,0.1621995558002457,0.003308779500044246,0.5408507745820751,0.1177307016092322,0.4204626487621177,0.8844688258768771,13,13,2.624846153846154,2.7112307692307693,-0.12501865704017762,-0.9170948992327289,-2.1930829500380846,0.2285863440329713,0.07027694448342148,AD,8,Istmo del cíngulo,C,DKT,LGI,rh,A1_LGI,False,False,45,A1,AD_con_ansiedad,0.19094090590940907,False,14
9_superiorparietal_thickness_lh,26,"Q('9_superiorparietal_thickness_lh') ~ C(Grupo, Treatment(reference='Vestibular')) + Edad + C(Genero) + N_Educacional + STAI_Rasgo + BDI",5.728900699074182,1,19,0.027169048279774396,0.024171523060269467,0.027597240275972403,0.23166823179037088,0.003780579588738977,0.5222627907315398,0.182347669214449,0.7452717633592231,0.5857410687736798,13,13,2.419230769230769,2.3885384615384617,0.08300280219869033,1.1445073541980775,-0.735236302680245,1.9187200732900136,0.027169048279775163,AD,9,Parietal superior,C,DKT,thickness,lh,A2_thickness,False,False,46,A2,AD_con_ansiedad,0.16153384661533848,False,18
9_superiorparietal_thickness_rh,26,"Q('9_superiorparietal_thickness_rh') ~ C(Grupo, Treatment(reference='Vestibular')) + Edad + C(Genero) + N_Educacional + STAI_Rasgo + BDI",4.072333015578415,1,19,0.057936568650990665,0.17515922534335165,0.06419358064193581,0.17650287089861177,0.0003916227483138664,0.6673031983131762,0.13025954719243713,0.5381719893472676,0.3965665663985379,13,13,2.392692307692308,2.3451538461538464,0.06000867238248547,0.9649494946296832,-1.2006623388080915,2.794965514981468,0.05793656865099139,AD,9,Parietal superior,C,DKT,thickness,rh,A2_thickness,False,False,46,A2,AD_con_ansiedad,0.16153384661533848,False,18
9_superiorparietal_area_lh,26,"Q('9_superiorparietal_area_lh') ~ C(Grupo, Treatment(reference='Vestibular')) + Edad + C(Genero) + N_Educacional + STAI_Rasgo + BDI + eTIV",2.212888007475089,1,18,0.15417115804468684,0.2772892816796859,0.15548445155484453,0.10947906141154709,0.0001677208062290264,0.526533290303409,0.48874412038649784,0.07884000023149484,0.6561381458912461,13,13,4289.923076923077,4538.538461538462,-288.56465908211436,-0.7115880896395294,-2.770690840157047,0.9680422753345365,0.15417115804468434,AD,9,Parietal superior,C,DKT,area,lh,A2_area,False,True,46,A2,AD_con_ansiedad,0.5060493950604941,False,18
9_superiorparietal_area_rh,26,"Q('9_superiorparietal_area_rh') ~ C(Grupo, Treatment(reference='Vestibular')) + Edad + C(Genero) + N_Educacional + STAI_Rasgo + BDI + eTIV",0.016110457945690892,1,18,0.9004053398542842,0.9307925884907959,0.904009599040096,0.0008942250872238437,6.4312805949593805e-09,0.00539955517323801,0.5901949065697367,0.06359326427641078,0.8541106430012598,13,13,4233.846153846154,4466.0,-33.12440309902996,-0.0607159641090693,-1.4689169670609186,1.8448867561034046,0.9004053398542596,AD,9,Parietal superior,C,DKT,area,rh,A2_area,False,True,46,A2,AD_con_ansiedad,0.9802019798020198,False,18
9_superiorparietal_volume_lh,26,"Q('9_superiorparietal_volume_lh') ~ C(Grupo, Treatment(reference='Vestibular')) + Edad + C(Genero) + N_Educacional + STAI_Rasgo + BDI + eTIV",0.31916239809245545,1,18,0.5790850957514762,0.6652289316067587,0.5800419958004199,0.01742232483979122,1.0034735628371396e-06,0.18212374993313335,0.8174940863633529,0.055491221472536295,0.8795681581719192,13,13,11002.692307692309,11439.615384615385,-282.44556957472594,-0.27024322349155067,-2.5606307862044,1.0077012958312632,0.5790850957514745,AD,9,Parietal superior,C,DKT,volume,lh,A2_volume,False,True,46,A2,AD_con_ansiedad,0.8228353635224712,False,24
9_superiorparietal_volume_rh,26,"Q('9_superiorparietal_volume_rh') ~ C(Grupo, Treatment(reference='Vestibular')) + Edad + C(Genero) + N_Educacional + STAI_Rasgo + BDI + eTIV",0.0371113015207449,1,18,0.8493954567335743,0.8916279130562341,0.8467153284671532,0.0020574969517217524,5.510324404546305e-10,0.019169524245967885,0.8174940863633529,0.010829139734355682,0.9499579552165075,13,13,10700.76923076923,11116.461538461539,123.04271731765743,0.09215142292244884,-1.1825302926987427,2.0517128514291043,0.8493954567335654,AD,9,Parietal superior,C,DKT,volume,rh,A2_volume,False,True,46,A2,AD_con_ansiedad,0.8835290384005077,False,24
9_superiorparietal_LGI_lh,26,"Q('9_superiorparietal_LGI_lh') ~ C(Grupo, Treatment(reference='Vestibular')) + Edad + C(Genero) + N_Educacional + STAI_Rasgo + BDI",1.3154324201947893,1,19,0.26565191220124756,0.2744807963195017,0.26477352264773524,0.0647504022059195,0.00023055289747474298,0.31994227614108284,0.29312906808815903,0.5364770149949005,0.593853445691018,13,13,2.7357692307692307,2.8053076923076925,-0.06722805454818903,-0.5484249584489456,-1.56205783837076,0.4854455427327992,0.2656519122012492,AD,9,Parietal superior,C,DKT,LGI,lh,A2_LGI,False,False,45,A2,AD_con_ansiedad,0.5957404259574043,False,18
9_superiorparietal_LGI_rh,26,"Q('9_superiorparietal_LGI_rh') ~ C(Grupo, Treatment(reference='Vestibular')) + Edad + C(Genero) + N_Educacional + STAI_Rasgo + BDI",0.013989577018687981,1,19,0.9070892494695935,0.9109818991212797,0.9061093890610938,0.0007357517980127917,9.222198838871519e-10,0.005122667169859277,0.9590867927342127,0.09090956833483049,0.8027101317146675,13,13,2.766153846153846,2.7750000000000004,0.007438252194822859,0.05655685250617149,-1.4784345919852486,1.1991264842632219,0.9070892494696012,AD,9,Parietal superior,C,DKT,LGI,rh,A2_LGI,False,False,45,A2,AD_con_ansiedad,0.9061093890610938,False,18
10_inferiorparietal_thickness_lh,26,"Q('10_inferiorparietal_thickness_lh') ~ C(Grupo, Treatment(reference='Vestibular')) + Edad + C(Genero) + N_Educacional + STAI_Rasgo + BDI",3.2025952370406303,1,19,0.08947416594291126,0.17534405103442655,0.0903909609039096,0.1442441841977885,0.0006342094115570124,0.5236851031295507,0.5215060239121562,0.1562237865163023,0.7857439190623843,13,13,2.5546923076923074,2.521384615384615,0.08965630193669533,0.8557245014850796,-1.0808724144476425,2.125286243237362,0.08947416594291271,AD,10,Parietal inferior,C,DKT,thickness,lh,A2_thickness,False,False,46,A2,AD_con_ansiedad,0.16666333366663333,False,18
10_inferiorparietal_thickness_rh,26,"Q('10_inferiorparietal_thickness_rh') ~ C(Grupo, Treatment(reference='Vestibular')) + Edad + C(Genero) + N_Educacional + STAI_Rasgo + BDI",3.8809917966096217,1,19,0.06358796836157889,0.07229279296839901,0.06229377062293771,0.1696164148437257,0.00264868061784268,0.5200095137313089,0.572487334380078,0.544980016927015,0.19737523807269924,13,13,2.5544615384615383,2.5279230769230767,0.08822471161473577,0.9420073746504715,-0.6009856199742214,2.013757134081901,0.0635879683615794,AD,10,Parietal inferior,C,DKT,thickness,rh,A2_thickness,False,False,46,A2,AD_con_ansiedad,0.16153384661533848,False,18
10_inferiorparietal_area_lh,26,"Q('10_inferiorparietal_area_lh') ~ C(Grupo, Treatment(reference='Vestibular')) + Edad + C(Genero) + N_Educacional + STAI_Rasgo + BDI + eTIV",0.00233033950939446,1,18,0.9620298009393455,0.9736325710731172,0.9615038496150385,0.0001294465474994704,1.8287947648874634e-09,0.0001721077055818559,0.0378086594703811,0.8021191563646711,0.9279587002416615,13,13,4513.153846153846,4792.692307692308,-9.888384733594648,-0.023091840655021695,-1.967134761060715,1.8652798835324396,0.9620298009392043,AD,10,Parietal inferior,C,DKT,area,lh,A2_area,False,True,46,A2,AD_con_ansiedad,0.9802019798020198,False,18
10_inferiorparietal_area_rh,26,"Q('10_inferiorparietal_area_rh') ~ C(Grupo, Treatment(reference='Vestibular')) + Edad + C(Genero) + N_Educacional + STAI_Rasgo + BDI + eTIV",0.15451026869766293,1,18,0.6988784447757854,0.8006115624898794,0.6996300369963003,0.008510847520027702,4.602225558943804e-08,0.08492961606245673,0.29312906808815903,0.8103220874386554,0.12367163464332269,13,13,5286.538461538462,5489.7692307692305,92.36222364296486,0.18803020808996418,-1.2376557133085402,1.8942621934040296,0.6988784447757894,AD,10,Parietal inferior,C,DKT,area,rh,A2_area,False,True,46,A2,AD_con_ansiedad,0.8995243332809576,False,18
10_inferiorparietal_volume_lh,26,"Q('10_inferiorparietal_volume_lh') ~ C(Grupo, Treatment(reference='Vestibular')) + Edad + C(Genero) + N_Educacional + STAI_Rasgo + BDI + eTIV",1.172216119169271,1,18,0.2932375433498171,0.385892248363502,0.28997100289971,0.06114139919366103,1.1588453826290009e-05,0.391031532732436,0.29312906808815903,0.5086052290432513,0.39514892422640985,13,13,12114.461538461539,12624.923076923076,526.4923819932121,0.5179082120456039,-1.5031836064259605,1.9686959321569928,0.29323754334982216,AD,10,Parietal inferior,C,DKT,volume,lh,A2_volume,False,True,46,A2,AD_con_ansiedad,0.695930406959304,False,24
10_inferiorparietal_volume_rh,26,"Q('10_inferiorparietal_volume_rh') ~ C(Grupo, Treatment(reference='Vestibular')) + Edad + C(Genero) + N_Educacional + STAI_Rasgo + BDI + eTIV",1.9192891601909803,1,18,0.18286395644055747,0.27526160841954844,0.19158084191580843,0.09635329578058993,0.00044506052551470234,0.4833315237325524,0.7005223941038425,0.9434417877735136,0.39174554630467273,13,13,14336.692307692309,14536.692307692309,942.462542816208,0.6627033378713294,-0.6331805933256935,2.129935362631618,0.18286395644055847,AD,10,Parietal inferior,C,DKT,volume,rh,A2_volume,False,True,46,A2,AD_con_ansiedad,0.695930406959304,False,24
10_inferiorparietal_LGI_lh,26,"Q('10_inferiorparietal_LGI_lh') ~ C(Grupo, Treatment(reference='Vestibular')) + Edad + C(Genero) + N_Educacional + STAI_Rasgo + BDI",0.48723055441312985,1,19,0.4936202248867385,0.5234939400585257,0.49025097490250974,0.025002555034829736,5.597118051120137e-06,0.19858436966470946,0.42668808261974767,0.5155973205856769,0.4117788703000497,13,13,2.9436923076923076,2.989,-0.04386724677474296,-0.3337722281899567,-1.5442680056142235,0.8482274098008589,0.49362022488672325,AD,10,Parietal inferior,C,DKT,LGI,lh,A2_LGI,False,False,45,A2,AD_con_ansiedad,0.6305797991629408,False,18
10_inferiorparietal_LGI_rh,26,"Q('10_inferiorparietal_LGI_rh') ~ C(Grupo, Treatment(reference='Vestibular')) + Edad + C(Genero) + N_Educacional + STAI_Rasgo + BDI",0.49593760020719857,1,19,0.4898328267623583,0.45142961716992297,0.4904509549045096,0.025437996898488628,5.3722329741008964e-05,0.27889845471131713,0.7582764375543986,0.6010417238641858,0.14441442089278633,13,13,2.9446153846153846,2.990769230769231,-0.03708969786743527,-0.3367413576046171,-1.7670603219454952,0.6647615441506043,0.4898328267623678,AD,10,Parietal inferior,C,DKT,LGI,rh,A2_LGI,False,False,45,A2,AD_con_ansiedad,0.6305797991629408,False,18
11_lateraloccipital_thickness_lh,26,"Q('11_lateraloccipital_thickness_lh') ~ C(Grupo, Treatment(reference='Vestibular')) + Edad + C(Genero) + N_Educacional + STAI_Rasgo + BDI",1.7158995579990348,1,19,0.20583932627069962,0.2326504569478819,0.21037896210378962,0.08283007711999038,0.00035745317779988276,0.4146973585603491,0.9795436630870078,0.5873320631584391,0.19802457431275472,13,13,2.1462307692307694,2.1357692307692306,0.0722244877658265,0.6263670037566427,-0.7017058352210009,1.9187762749564738,0.20583932627070575,AD,11,Occipital lateral,C,DKT,thickness,lh,A2_thickness,False,False,46,A2,AD_con_ansiedad,0.23667633236676333,False,18
11_lateraloccipital_thickness_rh,26,"Q('11_lateraloccipital_thickness_rh') ~ C(Grupo, Treatment(reference='Vestibular')) + Edad + C(Genero) + N_Educacional + STAI_Rasgo + BDI",9.961888121755063,1,19,0.005199412468126941,0.03021474795900606,0.004999500049995001,0.34396542379680256,0.0032573323253895677,0.6917872833699199,0.3425990157148053,0.07864931522279106,0.12075359099946141,13,13,2.2046153846153844,2.159923076923077,0.13548658746295444,1.509224234760144,-0.795223450470925,2.95478127114573,0.00519941246812696,AD,11,Occipital lateral,C,DKT,thickness,rh,A2_thickness,False,False,46,A2,AD_con_ansiedad,0.053094690530946904,False,18
11_lateraloccipital_area_lh,26,"Q('11_lateraloccipital_area_lh') ~ C(Grupo, Treatment(reference='Vestibular')) + Edad + C(Genero) + N_Educacional + STAI_Rasgo + BDI + eTIV",0.8419200873804464,1,18,0.370979711909763,0.47472883612471206,0.37066293370662934,0.04468334880288184,6.378006203692814e-06,0.33517529581154604,0.66291114557259,0.03439065335054651,0.45239524068835485,13,13,4904.307692307692,5069.923076923077,-196.84850060823408,-0.43891900753837715,-1.8012534092076298,1.4842897064219298,0.3709797119097634,AD,11,Occipital lateral,C,DKT,area,lh,A2_area,False,True,46,A2,AD_con_ansiedad,0.7413258674132587,False,18
11_lateraloccipital_area_rh,26,"Q('11_lateraloccipital_area_rh') ~ C(Grupo, Treatment(reference='Vestibular')) + Edad + C(Genero) + N_Educacional + STAI_Rasgo + BDI + eTIV",0.0005620752326925856,1,18,0.9813462751233207,0.9868083422302494,0.9802019798020198,3.122542675853191e-05,2.2062810125302596e-09,9.013285997756488e-06,0.48874412038649784,0.34216057327490823,0.18212955332063008,13,13,4951.538461538462,4850.538461538462,-7.1629770055121185,-0.011340864910199488,-1.739392040093618,1.8296434526896836,0.9813462751233335,AD,11,Occipital lateral,C,DKT,area,rh,A2_area,False,True,46,A2,AD_con_ansiedad,0.9802019798020198,False,18
11_lateraloccipital_volume_lh,26,"Q('11_lateraloccipital_volume_lh') ~ C(Grupo, Treatment(reference='Vestibular')) + Edad + C(Genero) + N_Educacional + STAI_Rasgo + BDI + eTIV",0.008826658700919523,1,18,0.9261865370096852,0.941802104385154,0.9292070792920708,0.0004901295830206097,2.0868208756863374e-08,0.0022301278101131018,0.7005223941038425,0.3903119027848111,0.9403610950919249,13,13,11009.615384615385,11297.846153846154,46.48546669481061,0.04494145407372432,-1.653010102261077,1.5598000180665141,0.9261865370096652,AD,11,Occipital lateral,C,DKT,volume,lh,A2_volume,False,True,46,A2,AD_con_ansiedad,0.9292070792920708,False,24
11_lateraloccipital_volume_rh,26,"Q('11_lateraloccipital_volume_rh') ~ C(Grupo, Treatment(reference='Vestibular')) + Edad + C(Genero) + N_Educacional + STAI_Rasgo + BDI + eTIV",1.2902348855516341,1,18,0.2709028394164216,0.3889874783592009,0.26817318268173185,0.0668853901057482,0.00013505851594423497,0.4048184628557637,0.42668808261974767,0.6352415049171489,0.28113379043361103,13,13,11440.923076923076,10898.153846153846,777.9658000654314,0.54335459347254,-1.471821654775272,2.0587348824951084,0.2709028394164256,AD,11,Occipital lateral,C,DKT,volume,rh,A2_volume,False,True,46,A2,AD_con_ansiedad,0.695930406959304,False,24
11_lateraloccipital_LGI_lh,26,"Q('11_lateraloccipital_LGI_lh') ~ C(Grupo, Treatment(reference='Vestibular')) + Edad + C(Genero) + N_Educacional + STAI_Rasgo + BDI",0.5294591126112336,1,19,0.4757062191263057,0.49050880669418523,0.4814518548145185,0.027110792447361382,2.479054686510013e-05,0.2406565178496207,0.4265299254425797,0.1502196518102425,0.7953062111833856,13,13,2.451076923076923,2.414461538461538,0.028472022409433473,0.347935829938073,-0.8323881831518766,1.4092584392427827,0.4757062191263062,AD,11,Occipital lateral,C,DKT,LGI,lh,A2_LGI,False,False,45,A2,AD_con_ansiedad,0.6305797991629408,False,18
11_lateraloccipital_LGI_rh,26,"Q('11_lateraloccipital_LGI_rh') ~ C(Grupo, Treatment(reference='Vestibular')) + Edad + C(Genero) + N_Educacional + STAI_Rasgo + BDI",0.13712476257761685,1,19,0.7152521677718596,0.796727163977781,0.7208279172082792,0.0071653795582585335,5.302495141375683e-08,0.07228071611987623,0.6815664129467629,0.6693398745766552,0.6161808688508963,13,13,2.4256153846153845,2.452769230769231,-0.017754671119416393,-0.1770683272998076,-1.6669271776246886,1.5234191979598504,0.7152521677718217,AD,11,Occipital lateral,C,DKT,LGI,rh,A2_LGI,False,False,45,A2,AD_con_ansiedad,0.7632295593970015,False,18
12_cuneus_thickness_lh,26,"Q('12_cuneus_thickness_lh') ~ C(Grupo, Treatment(reference='Vestibular')) + Edad + C(Genero) + N_Educacional + STAI_Rasgo + BDI",2.2045954137167056,1,19,0.15400238285642542,0.0973924329350817,0.15358464153584642,0.10396781314160844,0.0007627846342957062,0.3841449221688957,0.9386742759446207,0.24129913935925407,0.8197866190424362,13,13,1.9376153846153845,1.9373076923076922,0.08723587585846251,0.7099820848030298,-0.5417295362109882,1.7586994233696394,0.15400238285642776,AD,12,Cuneus,C,DKT,thickness,lh,A2_thickness,False,False,46,A2,AD_con_ansiedad,0.19234076592340765,False,18
12_cuneus_thickness_rh,26,"Q('12_cuneus_thickness_rh') ~ C(Grupo, Treatment(reference='Vestibular')) + Edad + C(Genero) + N_Educacional + STAI_Rasgo + BDI",4.418631669025614,1,19,0.04911414336139274,0.08120535797536034,0.057394260573942604,0.18868018129641054,0.006588262760421171,0.5480933907484616,0.19082596017294978,0.9141496825882558,0.5902707501296565,13,13,1.978076923076923,1.9097692307692309,0.10530150072881883,1.0051406585374503,-0.22187000353332148,2.175394278175857,0.04911414336139167,AD,12,Cuneus,C,DKT,thickness,rh,A2_thickness,False,False,46,A2,AD_con_ansiedad,0.16153384661533848,False,18
12_cuneus_area_lh,26,"Q('12_cuneus_area_lh') ~ C(Grupo, Treatment(reference='Vestibular')) + Edad + C(Genero) + N_Educacional + STAI_Rasgo + BDI + eTIV",0.5256148919519301,1,18,0.4777760819410472,0.6065204895660286,0.48505149485051496,0.028372331769687852,1.3882527548128211e-06,0.23545835007549487,0.7779041884556623,0.31479248521986375,0.858846095531506,13,13,2080.153846153846,2045.0,82.26926250754042,0.34680295032854647,-1.2210587555270678,2.074844579023779,0.4777760819410533,AD,12,Cuneus,C,DKT,area,lh,A2_area,False,True,46,A2,AD_con_ansiedad,0.8338075283380753,False,18
12_cuneus_area_rh,26,"Q('12_cuneus_area_rh') ~ C(Grupo, Treatment(reference='Vestibular')) + Edad + C(Genero) + N_Educacional + STAI_Rasgo + BDI + eTIV",0.06555182140048396,1,18,0.800830097431929,0.8675932855101991,0.7991200879912009,0.0036285535060618054,1.2167671934708755e-09,0.034732956598610296,0.7005223941038425,0.18978724791353685,0.7012647984204153,13,13,2001.5384615384614,2023.3076923076924,23.190815259941957,0.12247327590191776,-1.6321062325593283,2.1442881007743066,0.8008300974319393,AD,12,Cuneus,C,DKT,area,rh,A2_area,False,True,46,A2,AD_con_ansiedad,0.9589441055894411,False,18
12_cuneus_volume_lh,26,"Q('12_cuneus_volume_lh') ~ C(Grupo, Treatment(reference='Vestibular')) + Edad + C(Genero) + N_Educacional + STAI_Rasgo + BDI + eTIV",2.0346212276733873,1,18,0.17086736907974082,0.22757289622783858,0.16718328167183283,0.10155526298959969,0.0003556204830186923,0.510584030089386,0.8979866418423446,0.18819330276292862,0.7145086475215789,13,13,4052.923076923077,3977.6153846153848,358.3344364015386,0.6823241430374772,-0.9785713609932118,2.1178073272038263,0.17086736907974379,AD,12,Cuneus,C,DKT,volume,lh,A2_volume,False,True,46,A2,AD_con_ansiedad,0.695930406959304,False,24
12_cuneus_volume_rh,26,"Q('12_cuneus_volume_rh') ~ C(Grupo, Treatment(reference='Vestibular')) + Edad + C(Genero) + N_Educacional + STAI_Rasgo + BDI + eTIV",3.699425743204458,1,18,0.07039521948359242,0.14913768239318037,0.06939306069393061,0.17048496061528245,0.0003739575427644297,0.6498826899712538,0.4571247100343526,0.7866022518884435,0.24891046286206195,13,13,4038.230769230769,3884.3076923076924,356.865552186159,0.9200599152365003,-1.161379546702985,2.5366538311105877,0.07039521948359394,AD,12,Cuneus,C,DKT,volume,rh,A2_volume,False,True,46,A2,AD_con_ansiedad,0.695930406959304,False,24
12_cuneus_LGI_lh,26,"Q('12_cuneus_LGI_lh') ~ C(Grupo, Treatment(reference='Vestibular')) + Edad + C(Genero) + N_Educacional + STAI_Rasgo + BDI",0.20362803587848613,1,19,0.6569163175542823,0.6528700821754639,0.6558344165583442,0.010603623205888188,1.1599741150365693e-07,0.10989746514500999,0.5215060239121562,0.27158203887057175,0.47644157527055225,13,13,2.7016153846153848,2.7394615384615384,-0.03463939296385116,-0.21577529870307877,-1.2341901547435081,1.1393158619926302,0.656916317554279,AD,12,Cuneus,C,DKT,LGI,lh,A2_LGI,False,False,45,A2,AD_con_ansiedad,0.7420882911708829,False,18
12_cuneus_LGI_rh,26,"Q('12_cuneus_LGI_rh') ~ C(Grupo, Treatment(reference='Vestibular')) + Edad + C(Genero) + N_Educacional + STAI_Rasgo + BDI",0.20201101027290505,1,19,0.6581876154208156,0.7199828758014105,0.6596340365963403,0.010520304887067866,4.056716075971529e-08,0.10912214066074857,0.5215060239121562,0.1736536543718205,0.9290437343574505,13,13,2.8663076923076924,2.898230769230769,-0.03959417122253872,-0.2149168470805126,-1.6811909848098747,1.2740771605895012,0.6581876154208316,AD,12,Cuneus,C,DKT,LGI,rh,A2_LGI,False,False,45,A2,AD_con_ansiedad,0.7420882911708829,False,18
13_middletemporal_thickness_lh,26,"Q('13_middletemporal_thickness_lh') ~ C(Grupo, Treatment(reference='Vestibular')) + Edad + C(Genero) + N_Educacional + STAI_Rasgo + BDI",2.4214740592563193,1,19,0.13618247918207343,0.19149045422265648,0.1361863813618638,0.11303956266305534,0.0004695476301119311,0.4935660322178668,0.44167826523048437,0.5318389518019776,0.6407337968145672,13,13,2.757153846153846,2.734769230769231,0.08212327944791473,0.7440855159337909,-0.7932805377455044,2.0474161266107602,0.13618247918207715,AD,13,Temporal medio,C,DKT,thickness,lh,A2_thickness,False,False,46,A2,AD_con_ansiedad,0.19234076592340765,False,18
13_middletemporal_thickness_rh,26,"Q('13_middletemporal_thickness_rh') ~ C(Grupo, Treatment(reference='Vestibular')) + Edad + C(Genero) + N_Educacional + STAI_Rasgo + BDI",3.65189690721417,1,19,0.07121217052151303,0.08880257701296103,0.07179282071792821,0.16121814972816317,0.002368535501561574,0.5645091978432927,0.3974669254225919,0.014377739577652015,0.732491287055822,13,13,2.840692307692308,2.807769230769231,0.09271980256199902,0.9137811497866366,-0.36959633520520074,2.1741382721278524,0.07121217052151432,AD,13,Temporal medio,C,DKT,thickness,rh,A2_thickness,False,False,46,A2,AD_con_ansiedad,0.16153384661533848,False,18
13_middletemporal_area_lh,26,"Q('13_middletemporal_area_lh') ~ C(Grupo, Treatment(reference='Vestibular')) + Edad + C(Genero) + N_Educacional + STAI_Rasgo + BDI + eTIV",3.1613584294357064,1,18,0.09229797777474173,0.21334902890999297,0.09099090090990901,0.14939298155066544,0.00023899683624777432,0.6550338066172939,0.5902584513147731,0.9606737361972967,0.3356502586625546,13,13,4173.0,4296.307692307692,-184.64997601486942,-0.8505225290145055,-2.7452908836568315,1.617030928859673,0.09229797777473972,AD,13,Temporal medio,C,DKT,area,lh,A2_area,False,True,46,A2,AD_con_ansiedad,0.5060493950604941,False,18
13_middletemporal_area_rh,26,"Q('13_middletemporal_area_rh') ~ C(Grupo, Treatment(reference='Vestibular')) + Edad + C(Genero) + N_Educacional + STAI_Rasgo + BDI + eTIV",0.43643838135368945,1,18,0.517212931408233,0.6115773902084535,0.5095490450954905,0.02367259729488186,7.53441123824952e-08,0.18639534229305926,0.6261311406690895,0.3256237747563746,0.5420347983830792,13,13,4115.384615384615,4227.615384615385,-94.93562577975246,-0.31601698184901006,-2.1207397416993032,1.1605392309218412,0.5172129314082297,AD,13,Temporal medio,C,DKT,area,rh,A2_area,False,True,46,A2,AD_con_ansiedad,0.8338075283380753,False,18
13_middletemporal_volume_lh,26,"Q('13_middletemporal_volume_lh') ~ C(Grupo, Treatment(reference='Vestibular')) + Edad + C(Genero) + N_Educacional + STAI_Rasgo + BDI + eTIV",0.06440432746877461,1,18,0.8025416326146463,0.8172800407411871,0.8001199880011999,0.0035652616217652553,9.07290079648415e-10,0.03652941420834467,0.66291114557259,0.3510607505682006,0.8007841929694465,13,13,12744.307692307691,12994.076923076924,-113.0436964475,-0.12139658716824331,-1.7325146221104797,1.2596259923916822,0.802541632614638,AD,13,Temporal medio,C,DKT,volume,lh,A2_volume,False,True,46,A2,AD_con_ansiedad,0.8728581687285817,False,24
13_middletemporal_volume_rh,26,"Q('13_middletemporal_volume_rh') ~ C(Grupo, Treatment(reference='Vestibular')) + Edad + C(Genero) + N_Educacional + STAI_Rasgo + BDI + eTIV",0.20097119163519897,1,18,0.6592875040715606,0.7183471190557825,0.6514348565143485,0.011041783953131098,1.0529460121871367e-08,0.10691113823790674,0.66291114557259,0.8142887649647302,0.3751443546541008,13,13,12980.076923076924,13173.615384615385,239.01168935125497,0.21444496637876456,-1.8508936726795826,1.4384120438660022,0.6592875040715588,AD,13,Temporal medio,C,DKT,volume,rh,A2_volume,False,True,46,A2,AD_con_ansiedad,0.8543145685431457,False,24
13_middletemporal_LGI_lh,26,"Q('13_middletemporal_LGI_lh') ~ C(Grupo, Treatment(reference='Vestibular')) + Edad + C(Genero) + N_Educacional + STAI_Rasgo + BDI",0.6303539057593218,1,19,0.4370298832006012,0.5936577403480646,0.43875612438756123,0.03211118397485351,1.990323184231755e-07,0.2628616965225344,0.09047706282305588,0.7112480020092383,0.1174039251469605,13,13,3.012076923076923,3.127923076923077,-0.056638439052229816,-0.3796427970454037,-1.8467542798560164,1.3186584832998807,0.4370298832005977,AD,13,Temporal medio,C,DKT,LGI,lh,A2_LGI,False,False,45,A2,AD_con_ansiedad,0.6305797991629408,False,18
13_middletemporal_LGI_rh,26,"Q('13_middletemporal_LGI_rh') ~ C(Grupo, Treatment(reference='Vestibular')) + Edad + C(Genero) + N_Educacional + STAI_Rasgo + BDI",2.7861517824935063,1,19,0.1114768082244216,0.25427681157213794,0.1116888311168883,0.12788636608748627,0.00029060367480742566,0.48480805326573273,0.011120300954692035,0.1844980774017182,0.2731015159676512,13,13,2.9504615384615387,3.110307692307692,-0.09342286657841747,-0.7981514856611169,-2.1564990739873102,0.7579306010132935,0.1114768082244203,AD,13,Temporal medio,C,DKT,LGI,rh,A2_LGI,False,False,45,A2,AD_con_ansiedad,0.39956004399560047,False,18
14_comp_thickness_lh,26,"Q('14_comp_thickness_lh') ~ C(Grupo, Treatment(reference='Vestibular')) + Edad + C(Genero) + N_Educacional + STAI_Rasgo + BDI",2.5922432704087273,1,19,0.12387708465648695,0.10424417038828251,0.1260873912608739,0.12005437498758126,7.232136999220216e-05,0.4348983976556524,0.10622742978000398,0.12704237587399275,0.5118468073063148,13,13,2.6143589104795493,2.544365617910991,0.08642675388274326,0.7698760656100965,-1.5553210044859405,1.7485893777743322,0.12387708465649006,AD,14,Cingulada anterior,C,DKT,thickness,lh,A2_thickness,True,False,46,A2,AD_con_ansiedad,0.19234076592340765,False,18
14_comp_thickness_rh,26,"Q('14_comp_thickness_rh') ~ C(Grupo, Treatment(reference='Vestibular')) + Edad + C(Genero) + N_Educacional + STAI_Rasgo + BDI",0.4832142029254022,1,19,0.49538440638132203,0.5104179808140143,0.49205079492050796,0.024801564972418547,5.762542127526674e-06,0.2051478609493813,0.7388826803635237,0.9440383556604928,0.5790584936770717,13,13,2.46046443775874,2.4743529149955426,0.041765394501760617,0.3323937015093559,-0.7706370243058952,1.549521891112363,0.4953844063813257,AD,14,Cingulada anterior,C,DKT,thickness,rh,A2_thickness,True,False,46,A2,AD_con_ansiedad,0.5209949593275967,False,18
14_comp_area_lh,26,"Q('14_comp_area_lh') ~ C(Grupo, Treatment(reference='Vestibular')) + Edad + C(Genero) + N_Educacional + STAI_Rasgo + BDI + eTIV",10.298653866676137,1,18,0.004863632627557751,0.05103110777149146,0.0045995400459954,0.36392734139215016,0.004625944950532871,0.740989029546028,0.17415471397739768,0.7297955341441321,0.8950576097473542,13,13,2232.6923076923076,2391.076923076923,-235.38615581321616,-1.535108879408193,-2.848141855833792,1.710738881801748,0.004863632627557601,AD,14,Cingulada anterior,C,DKT,area,lh,A2_area,True,True,46,A2,AD_con_ansiedad,0.0827917208279172,False,18
14_comp_area_rh,26,"Q('14_comp_area_rh') ~ C(Grupo, Treatment(reference='Vestibular')) + Edad + C(Genero) + N_Educacional + STAI_Rasgo + BDI + eTIV",2.088389483268606,1,18,0.16560738298297722,0.36936713611220884,0.16868313168683133,0.10396002551663,1.6276633205682208e-05,0.5526441592994418,0.3694863646195379,0.5758785273681927,0.2580774581428772,13,13,1654.4615384615386,1803.2307692307693,-170.67547754207348,-0.6912811292016477,-2.8061579591135484,1.2676068867879655,0.16560738298297525,AD,14,Cingulada anterior,C,DKT,area,rh,A2_area,True,True,46,A2,AD_con_ansiedad,0.5060493950604941,False,18
14_comp_volume_lh,26,"Q('14_comp_volume_lh') ~ C(Grupo, Treatment(reference='Vestibular')) + Edad + C(Genero) + N_Educacional + STAI_Rasgo + BDI + eTIV",3.0126722632852054,1,18,0.0997026748213238,0.2170440330840227,0.10038996100389962,0.14337406616050233,7.498462037513532e-05,0.49384011241753506,0.3974669254225919,0.23384727798114524,0.887240719049336,13,13,5983.307692307692,6304.615384615385,-469.14190081991615,-0.8302806130422634,-1.9614730446822406,1.4277351755963739,0.09970267482132163,AD,14,Cingulada anterior,C,DKT,volume,lh,A2_volume,True,True,46,A2,AD_con_ansiedad,0.695930406959304,False,24
14_comp_volume_rh,26,"Q('14_comp_volume_rh') ~ C(Grupo, Treatment(reference='Vestibular')) + Edad + C(Genero) + N_Educacional + STAI_Rasgo + BDI + eTIV",0.8109608455422241,1,18,0.37972735574946653,0.5869729287130643,0.3721627837216278,0.04311108040684714,2.853489803795415e-07,0.4133116968587733,0.29312906808815903,0.2991658948458039,0.29680623104192116,13,13,4411.461538461538,4810.692307692308,-325.2362499122961,-0.4307734177599845,-3.2373331529288114,1.7812445851783172,0.3797273557494648,AD,14,Cingulada anterior,C,DKT,volume,rh,A2_volume,True,True,46,A2,AD_con_ansiedad,0.713282517902056,False,24
14_comp_LGI_lh,26,"Q('14_comp_LGI_lh') ~ C(Grupo, Treatment(reference='Vestibular')) + Edad + C(Genero) + N_Educacional + STAI_Rasgo + BDI",2.462765931165898,1,19,0.1330775241951579,0.2555622213710219,0.1331866813318668,0.1147459716545544,6.683105521033085e-05,0.4723604598754437,0.1909776934678515,0.4310466745773708,0.49116143493101355,13,13,1.8289266445846672,1.8672762004407064,-0.0507147360352235,-0.7504029089578677,-2.007444870250544,1.1237697217981555,0.1330775241951545,AD,14,Cingulada anterior,C,DKT,LGI,lh,A2_LGI,True,False,45,A2,AD_con_ansiedad,0.39956004399560047,False,18
14_comp_LGI_rh,26,"Q('14_comp_LGI_rh') ~ C(Grupo, Treatment(reference='Vestibular')) + Edad + C(Genero) + N_Educacional + STAI_Rasgo + BDI",2.7254530795362193,1,19,0.11519277491159573,0.29364677578289616,0.11868813118688132,0.12544976942751984,4.527246723626841e-05,0.49942125201627174,0.20896726495634396,0.8613990502161383,0.17265391892816992,13,13,1.8892139282249063,1.9481368051582846,-0.05616075881618618,-0.7894094031624477,-2.4173925419616853,0.9151180481008309,0.11519277491159054,AD,14,Cingulada anterior,C,DKT,LGI,rh,A2_LGI,True,False,45,A2,AD_con_ansiedad,0.39956004399560047,False,18
15_rostralmiddlefrontal_thickness_lh,26,"Q('15_rostralmiddlefrontal_thickness_lh') ~ C(Grupo, Treatment(reference='Vestibular')) + Edad + C(Genero) + N_Educacional + STAI_Rasgo + BDI",9.995708467023391,1,19,0.005137529222744263,0.009675267744887328,0.0058994100589941,0.3447306168908216,0.05226645348981364,0.7120932200700002,0.005184360644651859,0.8446912973981248,0.6689840250529133,13,13,2.480384615384615,2.3993076923076924,0.10179439518455502,1.5117839521298233,0.14602088389411155,2.7178483104692845,0.005137529222744326,AD,15,Prefrontal dorsolateral,C,DKT,thickness,lh,A2_thickness,False,False,46,A2,AD_con_ansiedad,0.053094690530946904,False,18
15_rostralmiddlefrontal_thickness_rh,26,"Q('15_rostralmiddlefrontal_thickness_rh') ~ C(Grupo, Treatment(reference='Vestibular')) + Edad + C(Genero) + N_Educacional + STAI_Rasgo + BDI",4.587547020846266,1,19,0.04537674555715572,0.08259037964237712,0.041995800419958006,0.19449021200855993,0.0013377062377130308,0.6710534963783209,0.06868094566317916,0.2106004405007777,0.24387981603901146,13,13,2.4296923076923074,2.377846153846154,0.08527138964898984,1.0241727222900527,-0.6808529425783545,2.764181219844151,0.04537674555715571,AD,15,Prefrontal dorsolateral,C,DKT,thickness,rh,A2_thickness,False,False,46,A2,AD_con_ansiedad,0.16153384661533848,False,18
15_rostralmiddlefrontal_area_lh,26,"Q('15_rostralmiddlefrontal_area_lh') ~ C(Grupo, Treatment(reference='Vestibular')) + Edad + C(Genero) + N_Educacional + STAI_Rasgo + BDI + eTIV",1.7900230446345848,1,18,0.1975820338852923,0.17362364590092885,0.20307969203079693,0.09045078121421848,0.0005506129288636267,0.47913618256138335,0.5215060239121562,0.4592837062594861,0.28993514339166354,13,13,3859.6923076923076,4001.6153846153848,-257.6961027982757,-0.6399974798301591,-1.8831438702686212,0.5341185475878958,0.19758203388528717,AD,15,Prefrontal dorsolateral,C,DKT,area,lh,A2_area,False,True,46,A2,AD_con_ansiedad,0.5222049223649063,False,18
15_rostralmiddlefrontal_area_rh,26,"Q('15_rostralmiddlefrontal_area_rh') ~ C(Grupo, Treatment(reference='Vestibular')) + Edad + C(Genero) + N_Educacional + STAI_Rasgo + BDI + eTIV",1.1594067550315008,1,18,0.29580899703299335,0.44199655208642563,0.296970302969703,0.06051370848040616,0.00013728992350175775,0.3662117526742991,0.8174940863633529,0.07475355418063002,0.6570950429015073,13,13,4119.384615384615,4220.384615384615,-277.41173426428725,-0.5150707241895812,-2.3332529236383994,0.8539850234582099,0.29580899703299035,AD,15,Prefrontal dorsolateral,C,DKT,area,rh,A2_area,False,True,46,A2,AD_con_ansiedad,0.6681831816818318,False,18
15_rostralmiddlefrontal_volume_lh,26,"Q('15_rostralmiddlefrontal_volume_lh') ~ C(Grupo, Treatment(reference='Vestibular')) + Edad + C(Genero) + N_Educacional + STAI_Rasgo + BDI + eTIV",0.13887869082773688,1,18,0.713750154767505,0.7074060660397415,0.7119288071192881,0.007656409924498998,1.1025753922135113e-08,0.08397037625350816,0.9386847392067001,0.49510652696065865,0.1693770814987624,13,13,10291.461538461539,10378.76923076923,-213.17394305197263,-0.17826527756619778,-1.513658520675101,0.9545882431983727,0.7137501547674913,AD,15,Prefrontal dorsolateral,C,DKT,volume,lh,A2_volume,False,True,46,A2,AD_con_ansiedad,0.8543145685431457,False,24
15_rostralmiddlefrontal_volume_rh,26,"Q('15_rostralmiddlefrontal_volume_rh') ~ C(Grupo, Treatment(reference='Vestibular')) + Edad + C(Genero) + N_Educacional + STAI_Rasgo + BDI + eTIV",0.14856575516625703,1,18,0.7044268902827453,0.7844118983363083,0.7031296870312969,0.008186087935018535,1.4706473437254843e-08,0.06998312800411428,0.66291114557259,0.4211109198817686,0.8303081560592066,13,13,10753.307692307691,10739.153846153846,-251.05885102945808,-0.18437766479976156,-1.6856751172709714,1.422039087964687,0.7044268902827368,AD,15,Prefrontal dorsolateral,C,DKT,volume,rh,A2_volume,False,True,46,A2,AD_con_ansiedad,0.8543145685431457,False,24
15_rostralmiddlefrontal_LGI_lh,26,"Q('15_rostralmiddlefrontal_LGI_lh') ~ C(Grupo, Treatment(reference='Vestibular')) + Edad + C(Genero) + N_Educacional + STAI_Rasgo + BDI",0.521724974372024,1,19,0.47890352390822694,0.5331296989870355,0.4784521547845215,0.026725352142648293,3.573563868258846e-07,0.20069212194053854,0.11183133142870894,0.22308688490381606,0.8687155010133142,13,13,2.579384615384615,2.6637692307692307,-0.03959602459845643,-0.34538522366923197,-1.4484590045532961,1.3830038684555708,0.4789035239082057,AD,15,Prefrontal dorsolateral,C,DKT,LGI,lh,A2_LGI,False,False,45,A2,AD_con_ansiedad,0.6305797991629408,False,18
15_rostralmiddlefrontal_LGI_rh,26,"Q('15_rostralmiddlefrontal_LGI_rh') ~ C(Grupo, Treatment(reference='Vestibular')) + Edad + C(Genero) + N_Educacional + STAI_Rasgo + BDI",0.8275720282109126,1,19,0.37437186368186604,0.4450788009571638,0.3705629437056294,0.04173844518297212,3.9166512627591896e-05,0.3169857629345462,0.0955807045456292,0.40121238372385626,0.16722553976459556,13,13,2.6143846153846155,2.6936153846153847,-0.04939633095853968,-0.43499657946248155,-1.9923780537918796,0.674047084124848,0.37437186368185854,AD,15,Prefrontal dorsolateral,C,DKT,LGI,rh,A2_LGI,False,False,45,A2,AD_con_ansiedad,0.6305797991629408,False,18
16a_precentral_thickness_lh,26,"Q('16a_precentral_thickness_lh') ~ C(Grupo, Treatment(reference='Vestibular')) + Edad + C(Genero) + N_Educacional + STAI_Rasgo + BDI",3.1431281987765476,1,19,0.09228021808600033,0.13383166088329185,0.09259074092590741,0.14194598751183726,0.00047319237631362104,0.509254377264467,0.182347669214449,0.9944494835215103,0.8840305483220142,13,13,2.7640000000000002,2.7064615384615385,0.12574140177181775,0.8477425616655322,-0.9207647443393898,2.1974993173458555,0.09228021808600156,AD,16a,Precentral,C,DKT,thickness,lh,A2_thickness,False,False,46,A2,AD_con_ansiedad,0.16666333366663333,False,18
16a_precentral_thickness_rh,26,"Q('16a_precentral_thickness_rh') ~ C(Grupo, Treatment(reference='Vestibular')) + Edad + C(Genero) + N_Educacional + STAI_Rasgo + BDI",2.1680845216128373,1,19,0.15727393190818084,0.22956081232686792,0.16028397160283972,0.10242232920976861,0.00018382441237719543,0.4421022284287885,0.6815149367014175,0.2724070338007174,0.5529444507159067,13,13,2.6968461538461534,2.685769230769231,0.1149635401439637,0.7040784385424416,-0.748984167875163,2.0463696762521093,0.1572739319081801,AD,16a,Precentral,C,DKT,thickness,rh,A2_thickness,False,False,46,A2,AD_con_ansiedad,0.19234076592340765,False,18
16a_precentral_area_lh,26,"Q('16a_precentral_area_lh') ~ C(Grupo, Treatment(reference='Vestibular')) + Edad + C(Genero) + N_Educacional + STAI_Rasgo + BDI + eTIV",0.35274207828939746,1,18,0.5599558353624293,0.5318055670160386,0.5566443355664433,0.019220129438133286,1.243940195157059e-07,0.14926170842877196,0.24856324821717884,0.13235728589174384,0.4316217740620213,13,13,4502.538461538462,4700.692307692308,-100.80361044584674,-0.284104156422101,-1.1081846935346715,1.4868822691225971,0.5599558353624335,AD,16a,Precentral,C,DKT,area,lh,A2_area,False,True,46,A2,AD_con_ansiedad,0.834966503349665,False,18
16a_precentral_area_rh,26,"Q('16a_precentral_area_rh') ~ C(Grupo, Treatment(reference='Vestibular')) + Edad + C(Genero) + N_Educacional + STAI_Rasgo + BDI + eTIV",0.18146140214507944,1,18,0.6751706319280782,0.7352595798537834,0.6684331566843316,0.009980572965585173,4.437432852088151e-08,0.08789679525648549,0.5901949065697367,0.7789021305841547,0.8857863012090925,13,13,4455.538461538462,4560.2307692307695,-63.96390796022382,-0.20377039342094663,-1.296650657471211,1.712430782339595,0.6751706319280564,AD,16a,Precentral,C,DKT,area,rh,A2_area,False,True,46,A2,AD_con_ansiedad,0.8995243332809576,False,18
16a_precentral_volume_lh,26,"Q('16a_precentral_volume_lh') ~ C(Grupo, Treatment(reference='Vestibular')) + Edad + C(Genero) + N_Educacional + STAI_Rasgo + BDI + eTIV",0.9963490499759762,1,18,0.33142594547249726,0.4256455935834317,0.3311668833116688,0.05244950213089689,0.0002545520850097072,0.3950186048779167,0.48874412038649784,0.579129827274476,0.661744297929811,13,13,13130.692307692309,13384.153846153846,471.93115187463945,0.4774794756870991,-0.6876775362502643,2.234721291089165,0.33142594547249926,AD,16a,Precentral,C,DKT,volume,lh,A2_volume,False,True,46,A2,AD_con_ansiedad,0.713282517902056,False,24
16a_precentral_volume_rh,26,"Q('16a_precentral_volume_rh') ~ C(Grupo, Treatment(reference='Vestibular')) + Edad + C(Genero) + N_Educacional + STAI_Rasgo + BDI + eTIV",0.6149920219920194,1,18,0.44311287293755364,0.5701120126498516,0.44125587441255876,0.0330374582629667,1.694136791016438e-05,0.2636979121338679,0.5902584513147731,0.0030274755050724265,0.7101243350733221,13,13,12725.846153846154,12977.692307692309,446.2606194474997,0.37513163829742074,-0.6459788389486335,3.1078807732099243,0.4431128729375604,AD,16a,Precentral,C,DKT,volume,rh,A2_volume,False,True,46,A2,AD_con_ansiedad,0.7564386418501007,False,24
16a_precentral_LGI_lh,26,"Q('16a_precentral_LGI_lh') ~ C(Grupo, Treatment(reference='Vestibular')) + Edad + C(Genero) + N_Educacional + STAI_Rasgo + BDI",7.390074648313842,1,19,0.01363454680164262,0.02850507398562229,0.014098590140985901,0.2800323510561203,0.003809065204935536,0.5597148226449766,0.0031909505169033033,0.9845004207005612,0.49491693835733136,13,13,3.1772307692307695,3.374153846153846,-0.1716622042289705,-1.299892245607136,-2.214414500332286,1.138758629480081,0.013634546801642188,AD,16a,Precentral,C,DKT,LGI,lh,A2_LGI,False,False,45,A2,AD_con_ansiedad,0.12688731126887312,False,18
16a_precentral_LGI_rh,26,"Q('16a_precentral_LGI_rh') ~ C(Grupo, Treatment(reference='Vestibular')) + Edad + C(Genero) + N_Educacional + STAI_Rasgo + BDI",1.8628330607062655,1,19,0.18824433508844582,0.2019858593639153,0.1862813718628137,0.08928955407378424,0.00031839466139796813,0.46333084741302316,0.20896726495634396,0.42215920074655294,0.8569732945686886,13,13,3.1946923076923075,3.2891538461538463,-0.08868312953877294,-0.6526343209329131,-1.839631378043779,0.6752325745574367,0.18824433508844646,AD,16a,Precentral,C,DKT,LGI,rh,A2_LGI,False,False,45,A2,AD_con_ansiedad,0.4790092419329495,False,18
16b_postcentral_thickness_lh,26,"Q('16b_postcentral_thickness_lh') ~ C(Grupo, Treatment(reference='Vestibular')) + Edad + C(Genero) + N_Educacional + STAI_Rasgo + BDI",2.355460443703172,1,19,0.14132950460214982,0.18477571710622134,0.144985501449855,0.11029780649837023,0.0016677348580703378,0.5027822073037138,0.2281538128950345,0.556244871550925,0.2800855945538685,13,13,2.3497692307692306,2.2988461538461538,0.07660149907248628,0.7338728955998192,-0.36925045903686554,2.130375982179062,0.14132950460214985,AD,16b,Postcentral,C,DKT,thickness,lh,A2_thickness,False,False,46,A2,AD_con_ansiedad,0.19234076592340765,False,18
16b_postcentral_thickness_rh,26,"Q('16b_postcentral_thickness_rh') ~ C(Grupo, Treatment(reference='Vestibular')) + Edad + C(Genero) + N_Educacional + STAI_Rasgo + BDI",0.2695067210884683,1,19,0.6096574827869983,0.4635582806209274,0.6099390060993901,0.013986176449110722,9.528881890514259e-07,0.12260724959923591,0.3694863646195379,0.5511679210436996,0.24833785567777447,13,13,2.3482307692307693,2.298923076923077,0.029242223764598035,0.24823770102891424,-0.815227600628028,1.0726504619649828,0.6096574827869916,AD,16b,Postcentral,C,DKT,thickness,rh,A2_thickness,False,False,46,A2,AD_con_ansiedad,0.6099390060993901,False,18
16b_postcentral_area_lh,26,"Q('16b_postcentral_area_lh') ~ C(Grupo, Treatment(reference='Vestibular')) + Edad + C(Genero) + N_Educacional + STAI_Rasgo + BDI + eTIV",2.6628323293396563,1,18,0.120089064353076,0.16715645153201028,0.11888811118888111,0.12887063529807752,0.0020906339025685886,0.546957998960367,0.17408109186385598,0.9621614453433371,0.6411288136720471,13,13,4318.692307692308,4617.076923076923,-242.08037535700606,-0.7805861895824487,-2.2823780151905506,0.39780216933805984,0.12008906435307663,AD,16b,Postcentral,C,DKT,area,lh,A2_area,False,True,46,A2,AD_con_ansiedad,0.5060493950604941,False,18
16b_postcentral_area_rh,26,"Q('16b_postcentral_area_rh') ~ C(Grupo, Treatment(reference='Vestibular')) + Edad + C(Genero) + N_Educacional + STAI_Rasgo + BDI + eTIV",2.815913038898514,1,18,0.11061102963780517,0.08517162062681242,0.1116888311168883,0.1352769409459216,0.0004341689100495889,0.45904516537653217,0.0955807045456292,0.9632658054232248,0.3785582490286784,13,13,4016.5384615384614,4381.538461538462,-348.9522260687385,-0.8027098129730682,-1.8231148230021144,0.8854417583193341,0.11061102963780478,AD,16b,Postcentral,C,DKT,area,rh,A2_area,False,True,46,A2,AD_con_ansiedad,0.5060493950604941,False,18
16b_postcentral_volume_lh,26,"Q('16b_postcentral_volume_lh') ~ C(Grupo, Treatment(reference='Vestibular')) + Edad + C(Genero) + N_Educacional + STAI_Rasgo + BDI + eTIV",0.3180662707090579,1,18,0.5797318194530973,0.611996127927546,0.5828417158284172,0.017363528770373105,6.165981925101301e-07,0.18147406005410352,0.20896726495634396,0.9042233025436308,0.843752471758372,13,13,10868.692307692309,11455.538461538461,-256.93201731729437,-0.2697787643771133,-1.7092088363181366,1.1851148211342584,0.5797318194530978,AD,16b,Postcentral,C,DKT,volume,lh,A2_volume,False,True,46,A2,AD_con_ansiedad,0.8228353635224712,False,24
16b_postcentral_volume_rh,26,"Q('16b_postcentral_volume_rh') ~ C(Grupo, Treatment(reference='Vestibular')) + Edad + C(Genero) + N_Educacional + STAI_Rasgo + BDI + eTIV",1.5421453559431,1,18,0.2302370306070915,0.17835219698842766,0.22697730226977303,0.07891382076298534,3.6309015430630136e-05,0.4027446029996968,0.20896726495634396,0.5720058471709744,0.318163574463119,13,13,10145.923076923076,10865.384615384615,-709.9287524269058,-0.5940344173040722,-1.7143395836197828,1.2924733121784358,0.23023703060709017,AD,16b,Postcentral,C,DKT,volume,rh,A2_volume,False,True,46,A2,AD_con_ansiedad,0.695930406959304,False,24
16b_postcentral_LGI_lh,26,"Q('16b_postcentral_LGI_lh') ~ C(Grupo, Treatment(reference='Vestibular')) + Edad + C(Genero) + N_Educacional + STAI_Rasgo + BDI",7.603173014838764,1,19,0.012532608584736645,0.018429047672278674,0.013098690130986902,0.28579948003186884,0.020097226836116325,0.5792260412806114,0.008265546353780249,0.4087801036838926,0.6105097433841586,13,13,3.1713846153846155,3.3556153846153842,-0.1777724689889703,-1.3185007373043374,-2.2865142545160246,0.2991288776385111,0.012532608584736779,AD,16b,Postcentral,C,DKT,LGI,lh,A2_LGI,False,False,45,A2,AD_con_ansiedad,0.12688731126887312,False,18
16b_postcentral_LGI_rh,26,"Q('16b_postcentral_LGI_rh') ~ C(Grupo, Treatment(reference='Vestibular')) + Edad + C(Genero) + N_Educacional + STAI_Rasgo + BDI",3.561542382254311,1,19,0.07450683328404317,0.056407471537256865,0.07269273072692731,0.1578589939425253,0.002167310979397133,0.4671224214934515,0.11779348392039003,0.8806110668497507,0.8100444000636838,13,13,3.1116153846153844,3.226153846153846,-0.1190334998244939,-0.9024060510009525,-1.8756827472464341,0.33437596300600164,0.07450683328404238,AD,16b,Postcentral,C,DKT,LGI,rh,A2_LGI,False,False,45,A2,AD_con_ansiedad,0.39956004399560047,False,18
17_Thalamus_volume_lh,26,"Q('17_Thalamus_volume_lh') ~ C(Grupo, Treatment(reference='Vestibular')) + Edad + C(Genero) + N_Educacional + STAI_Rasgo + BDI + eTIV",1.1957965108904343,1,18,0.2885824008490077,0.36113039963633353,0.2860713928607139,0.06229470656307581,1.641302423501749e-05,0.375678679572377,0.3173105078629078,0.8385321337321581,0.48459584754986207,13,13,7052.3153846153855,7361.030769230769,-262.97944549357555,-0.5230914165741828,-1.6681112963911688,1.7383725244494803,0.2885824008490014,AD,17,Tálamo,S,aseg,volume,lh,A2_volume,False,True,46,A2,AD_con_ansiedad,0.695930406959304,False,24
17_Thalamus_volume_rh,26,"Q('17_Thalamus_volume_rh') ~ C(Grupo, Treatment(reference='Vestibular')) + Edad + C(Genero) + N_Educacional + STAI_Rasgo + BDI + eTIV",3.502031448445401,1,18,0.07763853412919192,0.17313161676756747,0.07889211078892111,0.16286979473739902,0.00038739768974587564,0.5370514402681857,0.29312906808815903,0.46573483421693807,0.9772747033494247,13,13,6731.484615384616,7032.5230769230775,-374.1973042779276,-0.895177120439717,-2.224324035757356,1.3337308139770392,0.07763853412919054,AD,17,Tálamo,S,aseg,volume,rh,A2_volume,False,True,46,A2,AD_con_ansiedad,0.695930406959304,False,24
18_Amygdala_volume_lh,26,"Q('18_Amygdala_volume_lh') ~ C(Grupo, Treatment(reference='Vestibular')) + Edad + C(Genero) + N_Educacional + STAI_Rasgo + BDI + eTIV",1.4989174461504051,1,18,0.2366210872165883,0.21248887885305454,0.23267673232676733,0.07687182892537095,9.404463057717405e-05,0.4209756805268865,0.10622742978000398,0.7472621012077453,0.3522254925293855,13,13,1629.0384615384614,1736.646153846154,-69.6933088442766,-0.5856495447308498,-1.844920756431594,0.7730163438794371,0.23662108721658728,AD,18,Amígdala,S,aseg,volume,lh,A2_volume,False,True,46,A2,AD_con_ansiedad,0.695930406959304,False,24
18_Amygdala_volume_rh,26,"Q('18_Amygdala_volume_rh') ~ C(Grupo, Treatment(reference='Vestibular')) + Edad + C(Genero) + N_Educacional + STAI_Rasgo + BDI + eTIV",0.06364153496756543,1,18,0.8036883944240413,0.7773686354920554,0.7975202479752025,0.003523184117907137,2.0720465006605205e-08,0.04070383758830006,0.5902584513147731,0.3706262083400768,0.2031396556714148,13,13,1723.3153846153846,1776.853846153846,-16.422084473632083,-0.12067554689660145,-1.02604935806866,1.253520967205274,0.8036883944240283,AD,18,Amígdala,S,aseg,volume,rh,A2_volume,False,True,46,A2,AD_con_ansiedad,0.8728581687285817,False,24
19_Cerebellum_Cortex_volume_lh,26,"Q('19_Cerebellum_Cortex_volume_lh') ~ C(Grupo, Treatment(reference='Vestibular')) + Edad + C(Genero) + N_Educacional + STAI_Rasgo + BDI + eTIV",0.7818876502930661,1,18,0.388223227753935,0.5105368395637021,0.38636136386361364,0.041629875806485604,4.365781273198675e-06,0.32419866031000827,0.9795436630870078,0.9735400700632593,0.6199036755432833,13,13,51029.938461538455,50607.22307692308,1335.5920869792935,0.42298126294071786,-1.330294711046746,2.0036849433352297,0.3882232277539369,AD,19,Cerebelo,S,aseg,volume,lh,A2_volume,False,True,46,A2,AD_con_ansiedad,0.713282517902056,False,24
19_Cerebellum_Cortex_volume_rh,26,"Q('19_Cerebellum_Cortex_volume_rh') ~ C(Grupo, Treatment(reference='Vestibular')) + Edad + C(Genero) + N_Educacional + STAI_Rasgo + BDI + eTIV",0.46341504229742964,1,18,0.5046957657204001,0.6082134257298533,0.5047495250474953,0.025099096848324235,1.4582700423851508e-06,0.23465413264177093,0.9795436630870078,0.8377212005809205,0.40461828200986233,13,13,50657.31538461538,50280.21538461539,962.8758260225668,0.32563720326770357,-1.196891368561574,2.020307346497736,0.5046957657203998,AD,19,Cerebelo,S,aseg,volume,rh,A2_volume,False,True,46,A2,AD_con_ansiedad,0.8075992400759924,False,24
