variable,n,formula,F,df_num,df_den,p_param,p_hc3,p_perm,eta2p,eta2p_ic_low,eta2p_ic_high,p_kw,shapiro_p,levene_p,n_Vestibular,n_MPPP,n_Voluntario Sano,media_MPPP,media_Vestibular,media_Voluntario Sano,MPPP_vs_VoluntarioSano_dif,MPPP_vs_VoluntarioSano_d,MPPP_vs_VoluntarioSano_d_ic_low,MPPP_vs_VoluntarioSano_d_ic_high,MPPP_vs_VoluntarioSano_p,MPPP_vs_Vestibular_dif,MPPP_vs_Vestibular_d,MPPP_vs_Vestibular_d_ic_low,MPPP_vs_Vestibular_d_ic_high,MPPP_vs_Vestibular_p,etapa,roi_n,roi,tipo,atlas,medida,hemi,familia_fdr,compuesta,ajusta_etiv,n_esperado,modelo,p_fdr,sobrevive_fdr,n_familia
9_superiorparietal_thickness_lh,46,"Q('9_superiorparietal_thickness_lh') ~ C(Grupo, Treatment(reference='Voluntario Sano')) + Edad + C(Genero) + N_Educacional",0.15028831689377103,2,40,0.8609434420905473,0.8993352142406312,0.8592140785921408,0.0074583705468755515,6.322411390284429e-05,0.02196139084013452,0.8392614660015,0.8204311197914886,0.5697363578822233,19,17,10,2.396,2.3899473684210526,2.4027000000000003,0.016999802663780095,0.18609749502231485,-1.0383214189977865,1.201201525442298,0.6558261417257152,0.01464487334291606,0.16031799297543936,-0.647949307369004,0.8344809094360811,0.6375773350090209,A2,9,Parietal superior,C,DKT,thickness,lh,thickness,False,False,46,A_sin_ansiedad,0.9698030196980302,False,18
9_superiorparietal_thickness_rh,46,"Q('9_superiorparietal_thickness_rh') ~ C(Grupo, Treatment(reference='Voluntario Sano')) + Edad + C(Genero) + N_Educacional",0.35440972711287283,2,40,0.7037682401636652,0.6964832178292687,0.7019298070192981,0.017411938339866723,1.0542706745333065e-05,0.06656417625357273,0.7621136544853812,0.3300538403664043,0.9094097018268108,19,17,10,2.3597647058823528,2.3472631578947367,2.3781,-0.0018238625096067551,-0.019032197103345232,-1.0730041470454454,0.9340707399947341,0.9635998441999352,0.02403640556109604,0.2508224199385281,-0.48418461958980075,0.9164272702597513,0.46200660689366885,A2,9,Parietal superior,C,DKT,thickness,rh,thickness,False,False,46,A_sin_ansiedad,0.9698030196980302,False,18
9_superiorparietal_area_lh,46,"Q('9_superiorparietal_area_lh') ~ C(Grupo, Treatment(reference='Voluntario Sano')) + Edad + C(Genero) + N_Educacional + eTIV",4.129362428849718,2,39,0.023624403494806587,0.0868065800822023,0.0216978302169783,0.1747555585252723,0.02226388284132411,0.40681110303694484,0.46449532269536675,0.8655872755101333,0.2879224010683022,19,17,10,4346.117647058823,4552.8421052631575,4199.4,396.86406606976584,0.8937977065093528,0.03578878510246308,1.7734547773166307,0.038697778573312636,-123.49624530063056,-0.27813216224221193,-1.0112678087589961,0.35034465083446376,0.4164721248914885,A2,9,Parietal superior,C,DKT,area,lh,area,False,True,46,A_sin_ansiedad,0.39056094390560947,False,18
9_superiorparietal_area_rh,46,"Q('9_superiorparietal_area_rh') ~ C(Grupo, Treatment(reference='Voluntario Sano')) + Edad + C(Genero) + N_Educacional + eTIV",1.182458890116814,2,39,0.31727263180475246,0.2629517032011905,0.32486751324867513,0.05717206529451178,0.0005522489112469598,0.17509076023088638,0.8177211418403235,0.16261199467686693,0.6615003629371339,19,17,10,4439.411764705882,4511.1578947368425,4408.5,335.6369238917721,0.599106248294835,-0.1459732518919264,1.413043185466358,0.1594887126458346,20.960253838033964,0.03741369958527314,-0.6509859749004505,0.8653619282199364,0.912596576890276,A2,9,Parietal superior,C,DKT,area,rh,area,False,True,46,A_sin_ansiedad,0.6497350264973503,False,18
9_superiorparietal_volume_lh,46,"Q('9_superiorparietal_volume_lh') ~ C(Grupo, Treatment(reference='Voluntario Sano')) + Edad + C(Genero) + N_Educacional + eTIV",4.282244016199575,2,39,0.020832659712617572,0.0453806382711081,0.022897710228977103,0.18006055329693324,0.031647342114210185,0.3910156200997772,0.353114331368487,0.4574642005171205,0.3880478042709251,19,17,10,11022.588235294117,11503.947368421053,10574.1,1173.7909406241051,0.9960414559655248,0.14055076411979045,1.8197564823880201,0.02206727057484693,-206.05055979672488,-0.17484791582504275,-0.9169402222534595,0.48852578516253964,0.6085560457011299,A2,9,Parietal superior,C,DKT,volume,lh,volume,False,True,46,A_sin_ansiedad,0.5495450454954505,False,24
9_superiorparietal_volume_rh,46,"Q('9_superiorparietal_volume_rh') ~ C(Grupo, Treatment(reference='Voluntario Sano')) + Edad + C(Genero) + N_Educacional + eTIV",0.9264333786488481,2,39,0.4045017030473292,0.24259489159214948,0.40555944405559446,0.04535463247427335,0.00027978922823333665,0.1473972465017311,0.9856539152978895,0.13067913997739206,0.20565630042096172,19,17,10,11048.529411764706,11244.578947368422,11113.8,778.1120761937718,0.5449368011443718,-0.22765777689799616,1.2843677389250077,0.19970479823805865,99.35227377739056,0.06957957846317823,-0.6773061855334482,0.9385271122346062,0.8382810194384458,A2,9,Parietal superior,C,DKT,volume,rh,volume,False,True,46,A_sin_ansiedad,0.7147050000882265,False,24
9_superiorparietal_LGI_lh,45,"Q('9_superiorparietal_LGI_lh') ~ C(Grupo, Treatment(reference='Voluntario Sano')) + Edad + C(Genero) + N_Educacional",1.4266767413247585,2,39,0.2523595474501132,0.29222525834820623,0.25877412258774124,0.06817502649655986,0.0003180640986392982,0.21142572292629652,0.6195395012718887,0.8628842287074385,0.7037408848955233,18,17,10,2.730176470588235,2.8002777777777776,2.7634999999999996,-0.0217538318082387,-0.1660339157852851,-1.078530830700768,0.8013328632623441,0.6909025650838649,-0.07422857978810843,-0.5665421096403136,-1.298048336620025,0.2514063955175423,0.10537385580777167,A2,9,Parietal superior,C,DKT,LGI,lh,LGI,False,False,45,A_sin_ansiedad,0.5175482451754825,False,18
9_superiorparietal_LGI_rh,45,"Q('9_superiorparietal_LGI_rh') ~ C(Grupo, Treatment(reference='Voluntario Sano')) + Edad + C(Genero) + N_Educacional",1.0229457609045725,2,39,0.36897829767022683,0.2753250839472747,0.36246375362463756,0.049844002553144445,0.00044193940867000525,0.1498892135660582,0.7484132717406331,0.7617261971091276,0.10172523463267925,18,17,10,2.760882352941177,2.774,2.7212,0.05907100388265768,0.4643205015076367,-0.3740925176764706,1.2112964047560213,0.2694430058879132,-0.014694582530432654,-0.1155049936772612,-0.9074073042520225,0.7314511796908865,0.7371795960336617,A2,9,Parietal superior,C,DKT,LGI,rh,LGI,False,False,45,A_sin_ansiedad,0.6047395260473952,False,18
10_inferiorparietal_thickness_lh,46,"Q('10_inferiorparietal_thickness_lh') ~ C(Grupo, Treatment(reference='Voluntario Sano')) + Edad + C(Genero) + N_Educacional",0.16790228577396607,2,40,0.8460291817859484,0.854945344941305,0.8469153084691531,0.008325223089384015,1.136113512336006e-05,0.028496490826772632,0.9548229021115696,0.7421512003561626,0.85728790436239,19,17,10,2.5244117647058824,2.52,2.5214,0.025499318975034768,0.23909659424598323,-0.688352524506754,1.057989947353346,0.5672241453942278,0.010549557328018266,0.09891884682886842,-0.6449516290814455,0.8753181425790555,0.7711110991590813,A2,10,Parietal inferior,C,DKT,thickness,lh,thickness,False,False,46,A_sin_ansiedad,0.9698030196980302,False,18
10_inferiorparietal_thickness_rh,46,"Q('10_inferiorparietal_thickness_rh') ~ C(Grupo, Treatment(reference='Voluntario Sano')) + Edad + C(Genero) + N_Educacional",0.02830116637673816,2,40,0.9721150072098381,0.9754782682187064,0.9698030196980302,0.00141305875828599,3.5217261869705714e-05,0.0019709949843019995,0.974600004156917,0.6673169322568944,0.8108690259450357,19,17,10,2.515529411764706,2.529736842105263,2.5453,-0.008334905940796888,-0.08217023329237695,-0.9972505396008782,0.6768871023203127,0.8438372798066179,-0.006950770765287134,-0.06852464315762521,-0.7865917457186052,0.7450962073212158,0.8402387954513179,A2,10,Parietal inferior,C,DKT,thickness,rh,thickness,False,False,46,A_sin_ansiedad,0.9698030196980302,False,18
10_inferiorparietal_area_lh,46,"Q('10_inferiorparietal_area_lh') ~ C(Grupo, Treatment(reference='Voluntario Sano')) + Edad + C(Genero) + N_Educacional + eTIV",0.7057470659107722,2,39,0.49993568020312623,0.4988733248526328,0.508049195080492,0.03492803624674892,1.8893324800467585e-05,0.1301079613950009,0.1756091577137044,0.7233402278884887,0.3714147497330431,19,17,10,4534.529411764706,4735.105263157895,4903.8,-96.37159560074952,-0.21140933395468262,-1.32541980160198,0.9631122549314778,0.6156435295621046,-183.40768907759747,-0.4023394771909415,-1.117049633515313,0.34707081721290606,0.2419937818590262,A2,10,Parietal inferior,C,DKT,area,lh,area,False,True,46,A_sin_ansiedad,0.8313532283135322,False,18
10_inferiorparietal_area_rh,46,"Q('10_inferiorparietal_area_rh') ~ C(Grupo, Treatment(reference='Voluntario Sano')) + Edad + C(Genero) + N_Educacional + eTIV",0.16157073497055188,2,39,0.8513729068676553,0.8557398113876765,0.8531146885311469,0.008217590402539825,5.2571137412046716e-05,0.025497479850634875,0.7077364257441303,0.018344678150946193,0.48287001180593364,19,17,10,5295.941176470588,5394.9473684210525,5690.8,57.74683149817815,0.10672455676500663,-0.9188455358053366,1.2045203204412078,0.7996906292643874,-64.15399665010568,-0.1185659313169807,-0.7854576427100113,0.6141357918726648,0.7281387537058356,A2,10,Parietal inferior,C,DKT,area,rh,area,False,True,46,A_sin_ansiedad,0.9873012698730127,False,18
10_inferiorparietal_volume_lh,46,"Q('10_inferiorparietal_volume_lh') ~ C(Grupo, Treatment(reference='Voluntario Sano')) + Edad + C(Genero) + N_Educacional + eTIV",0.43722097705981183,2,39,0.6489552999431896,0.676144014090321,0.6454354564543545,0.021929885692839917,1.9716617743699265e-05,0.08337058745304664,0.24588066642950576,0.47880638500884176,0.7043497561736941,19,17,10,11976.529411764706,12448.473684210527,12996.4,-261.6543931686192,-0.21036852303659628,-1.1738494251367828,0.8904890968855823,0.6173775434592613,-390.6812566693409,-0.31410532782702577,-0.9653139004889993,0.4553264916548504,0.359363003873212,A2,10,Parietal inferior,C,DKT,volume,lh,volume,False,True,46,A_sin_ansiedad,0.860580608605806,False,24
10_inferiorparietal_volume_rh,46,"Q('10_inferiorparietal_volume_rh') ~ C(Grupo, Treatment(reference='Voluntario Sano')) + Edad + C(Genero) + N_Educacional + eTIV",0.11473620671935067,2,39,0.8919011451830172,0.9105373099264109,0.8855114488551145,0.005849490174639508,6.535546666819767e-05,0.018269463545985187,0.727687051623084,0.1935530381450285,0.6320676617345261,19,17,10,14087.35294117647,14324.578947368422,15185.5,221.22207711273632,0.14068713798191199,-0.8305605904559317,1.1432186896560848,0.7380823636004972,-87.46374150481756,-0.05562294518748156,-0.7622781300590676,0.6889721620080398,0.8703840694110462,A2,10,Parietal inferior,C,DKT,volume,rh,volume,False,True,46,A_sin_ansiedad,0.9240119466314237,False,24
10_inferiorparietal_LGI_lh,45,"Q('10_inferiorparietal_LGI_lh') ~ C(Grupo, Treatment(reference='Voluntario Sano')) + Edad + C(Genero) + N_Educacional",0.6903541597797949,2,39,0.5074206652207927,0.5702597379089259,0.5033496650334967,0.03419227589157477,0.00014941740326911723,0.13848951382087835,0.6506863432526294,0.11837454370986772,0.13674195675765424,18,17,10,2.940294117647059,2.9838333333333336,2.9645,-0.010567755238185983,-0.08251309853338472,-0.8526841664585161,0.7572451751246176,0.8432320184152772,-0.04967116726488862,-0.38783278249918324,-1.1384776281441353,0.3276232513263808,0.2633481040027732,A2,10,Parietal inferior,C,DKT,LGI,lh,LGI,False,False,45,A_sin_ansiedad,0.6652134786521348,False,18
10_inferiorparietal_LGI_rh,45,"Q('10_inferiorparietal_LGI_rh') ~ C(Grupo, Treatment(reference='Voluntario Sano')) + Edad + C(Genero) + N_Educacional",0.635038854933969,2,39,0.5353055145554779,0.556719750625866,0.531046895310469,0.031538993269851906,0.00019109333353723324,0.11658480907095624,0.8297918446527205,0.3029987468774148,0.4367801393917352,18,17,10,2.953294117647059,2.997055555555556,2.9905999999999997,-0.018583432506094677,-0.1483190798647682,-1.0974670750753552,0.6597194277501531,0.7223804918678614,-0.04796635152814033,-0.3828315958739354,-1.07901695148284,0.36002022628528896,0.2694560210890082,A2,10,Parietal inferior,C,DKT,LGI,rh,LGI,False,False,45,A_sin_ansiedad,0.6652134786521348,False,18
11_lateraloccipital_thickness_lh,46,"Q('11_lateraloccipital_thickness_lh') ~ C(Grupo, Treatment(reference='Voluntario Sano')) + Edad + C(Genero) + N_Educacional",0.45653400891145085,2,40,0.636735213767011,0.6658571375429903,0.6373362663733627,0.02231727079047563,0.00012475457250867475,0.08784920078727146,0.697672368546037,0.9776180157763211,0.6636812366038018,19,17,10,2.1334117647058823,2.1372105263157892,2.1802,-0.03186814138409333,-0.293508868520363,-1.1083219318546846,0.6494370540697713,0.48291774269675375,0.01036045764362864,0.09542088331051579,-0.6387287157355811,0.8629494578490552,0.7789829368249835,A2,11,Occipital lateral,C,DKT,thickness,lh,thickness,False,False,46,A_sin_ansiedad,0.9698030196980302,False,18
11_lateraloccipital_thickness_rh,46,"Q('11_lateraloccipital_thickness_rh') ~ C(Grupo, Treatment(reference='Voluntario Sano')) + Edad + C(Genero) + N_Educacional",0.4899414314793375,2,40,0.6162906415963764,0.6660205203418217,0.6163383661633837,0.02391131439383351,2.184333707742746e-05,0.08740853927447338,0.6206867848515938,0.4045261497741704,0.9666987730098111,19,17,10,2.1884117647058825,2.1904736842105264,2.2418,-0.029974681787106938,-0.27839281432769075,-1.126597294734064,0.5666505292392197,0.5056091108941894,0.013655543869230097,0.1268272109085542,-0.5850597362517781,0.9223798349737983,0.7092432778514666,A2,11,Occipital lateral,C,DKT,thickness,rh,thickness,False,False,46,A_sin_ansiedad,0.9698030196980302,False,18
11_lateraloccipital_area_lh,46,"Q('11_lateraloccipital_area_lh') ~ C(Grupo, Treatment(reference='Voluntario Sano')) + Edad + C(Genero) + N_Educacional + eTIV",1.1878389297139629,2,39,0.31566756473308816,0.4679542007428749,0.31426857314268575,0.057417255313597246,0.00014579389534549768,0.21836157745772541,0.710453689675924,0.017811729681869753,0.9939482461213843,19,17,10,5063.64705882353,5116.526315789473,5223.9,190.0818504303304,0.4742687480427337,-0.5364894274864913,1.4687875982410548,0.26316142073876325,-62.149132551340074,-0.15506683684073988,-0.9777946155702365,0.6433680132049414,0.649569212193112,A2,11,Occipital lateral,C,DKT,area,lh,area,False,True,46,A_sin_ansiedad,0.6497350264973503,False,18
11_lateraloccipital_area_rh,46,"Q('11_lateraloccipital_area_rh') ~ C(Grupo, Treatment(reference='Voluntario Sano')) + Edad + C(Genero) + N_Educacional + eTIV",0.2792261241040889,2,39,0.7578681552533226,0.8243024982398778,0.7618238176182381,0.014117141001983295,0.00010107113849081729,0.05577145551787489,0.39303362266864983,0.7543144582664494,0.46980074127835336,19,17,10,5108.588235294118,4967.8421052631575,5350.1,-5.04695059476785,-0.008534284421930311,-1.0329816005231132,0.8806153928874904,0.9838044832208933,133.53619306329182,0.22580681756730195,-0.5249699818396427,0.9454557737238369,0.5088374020291292,A2,11,Occipital lateral,C,DKT,area,rh,area,False,True,46,A_sin_ansiedad,0.9873012698730127,False,18
11_lateraloccipital_volume_lh,46,"Q('11_lateraloccipital_volume_lh') ~ C(Grupo, Treatment(reference='Voluntario Sano')) + Edad + C(Genero) + N_Educacional + eTIV",0.1471721720927609,2,39,0.8636224583652667,0.910632257723645,0.8582141785821418,0.007490755962418205,1.384710737439615e-05,0.020966696575973748,0.46161764794058957,0.9566524621299733,0.6294996902143055,19,17,10,11232.470588235294,11461.21052631579,12055.6,81.24901934641866,0.08145145907291365,-0.9299640283230516,1.0150084643141715,0.8464169741233093,-126.5325337401681,-0.1268478016871431,-0.840893198659914,0.6553460875977554,0.7100115477774365,A2,11,Occipital lateral,C,DKT,volume,lh,volume,False,True,46,A_sin_ansiedad,0.9240119466314237,False,24
11_lateraloccipital_volume_rh,46,"Q('11_lateraloccipital_volume_rh') ~ C(Grupo, Treatment(reference='Voluntario Sano')) + Edad + C(Genero) + N_Educacional + eTIV",0.6956806950625103,2,39,0.5048173312582216,0.6460756893740436,0.5062493750624938,0.03444700406818137,0.00035311859702199687,0.16224366009449914,0.2716428965639886,0.7470649438104837,0.24846890773120048,19,17,10,11652.64705882353,11355.105263157895,12615.6,-235.37946148446554,-0.16177901340038398,-1.333033067380895,0.6649611788251962,0.7006548151816709,414.9465962457507,0.2851975721718414,-0.40918179053245934,1.0157790546201548,0.40483562965968467,A2,11,Occipital lateral,C,DKT,volume,rh,volume,False,True,46,A_sin_ansiedad,0.7147050000882265,False,24
11_lateraloccipital_LGI_lh,45,"Q('11_lateraloccipital_LGI_lh') ~ C(Grupo, Treatment(reference='Voluntario Sano')) + Edad + C(Genero) + N_Educacional",0.14171806885451332,2,39,0.868310789684621,0.8949191238437639,0.8642135786421358,0.007215156452084142,5.709375259087406e-06,0.02361401826845996,0.9446334541556706,0.8189451275643009,0.3516646800531605,18,17,10,2.4267058823529415,2.4239444444444445,2.4483,-0.013193703668835016,-0.14658613300746823,-1.100396754026492,0.5113241112490723,0.7254872662979741,0.006554665960029106,0.0728243683770101,-0.7098182508664822,0.8009885644168705,0.8323578973784327,A2,11,Occipital lateral,C,DKT,LGI,lh,LGI,False,False,45,A_sin_ansiedad,0.9150496715034379,False,18
11_lateraloccipital_LGI_rh,45,"Q('11_lateraloccipital_LGI_rh') ~ C(Grupo, Treatment(reference='Voluntario Sano')) + Edad + C(Genero) + N_Educacional",1.0301628095199231,2,39,0.3664571918143059,0.39815473829345593,0.3695630436956304,0.05017801461575513,0.00031952536682037694,0.16553207368215056,0.4765714046260431,0.21544211524337786,0.9300730548479477,18,17,10,2.421294117647059,2.4662222222222225,2.4598,-0.044213469784444764,-0.4608463529436449,-1.3951418465625465,0.276375917075039,0.2729864492837359,-0.04229847345002473,-0.4408859408583575,-1.14733831571244,0.30988737357442103,0.20460044889688178,A2,11,Occipital lateral,C,DKT,LGI,rh,LGI,False,False,45,A_sin_ansiedad,0.6047395260473952,False,18
12_cuneus_thickness_lh,46,"Q('12_cuneus_thickness_lh') ~ C(Grupo, Treatment(reference='Voluntario Sano')) + Edad + C(Genero) + N_Educacional",0.8589963256192954,2,40,0.43125263454963764,0.3564811559231171,0.42675732426757323,0.041181095782842854,0.0001587126971984732,0.13103527611756005,0.3127575912041243,0.7555291979500305,0.21728520978239793,19,17,10,1.9196470588235295,1.9335263157894738,1.9975999999999998,-0.06394994594676318,-0.5280719415049531,-1.3082015170976038,0.22896172925356467,0.2099457456193685,-0.010607795671041781,-0.08759474573689455,-0.8496832010991432,0.7195273700495416,0.7966792051909847,A2,12,Cuneus,C,DKT,thickness,lh,thickness,False,False,46,A_sin_ansiedad,0.9698030196980302,False,18
12_cuneus_thickness_rh,46,"Q('12_cuneus_thickness_rh') ~ C(Grupo, Treatment(reference='Voluntario Sano')) + Edad + C(Genero) + N_Educacional",1.5898429616776781,2,40,0.2165759584511457,0.32479744971461827,0.21197880211978803,0.07363846807499598,0.0008958419908748802,0.24264110998239422,0.31445963609345573,0.3968087902914828,0.3730530406653166,19,17,10,1.9524705882352942,1.904578947368421,1.9797,-0.03223869285224823,-0.2735315144149227,-1.4546346106121346,0.7307195813096524,0.5130286384357324,0.048682501068185224,0.41305019107678137,-0.3012020524635311,1.106553920050504,0.22846551670855939,A2,12,Cuneus,C,DKT,thickness,rh,thickness,False,False,46,A_sin_ansiedad,0.9698030196980302,False,18
12_cuneus_area_lh,46,"Q('12_cuneus_area_lh') ~ C(Grupo, Treatment(reference='Voluntario Sano')) + Edad + C(Genero) + N_Educacional + eTIV",0.29714111373266083,2,39,0.7446060938975905,0.7938612333423284,0.7473252674732527,0.015009294121086165,1.1551566931117844e-05,0.05565056195941613,0.7329605709108601,0.658191535076785,0.7916780001348925,19,17,10,2134.823529411765,2075.315789473684,2151.1,44.18960842263641,0.18827717214188142,-0.7749376113915646,1.0629619826357701,0.6546924463887387,60.246625658989956,0.25669076316943745,-0.5328258260586702,0.983840632283554,0.45301994600883083,A2,12,Cuneus,C,DKT,area,lh,area,False,True,46,A_sin_ansiedad,0.9873012698730127,False,18
12_cuneus_area_rh,46,"Q('12_cuneus_area_rh') ~ C(Grupo, Treatment(reference='Voluntario Sano')) + Edad + C(Genero) + N_Educacional + eTIV",0.012695900494909804,2,39,0.9873884315323284,0.9911125303960143,0.9873012698730127,0.0006506482015428628,8.573809251880486e-05,0.00021706603143634024,0.8928384344042015,0.13301726907802935,0.29679002026965234,19,17,10,2041.1176470588234,2042.4736842105262,2098.7,14.460593762539133,0.06646262885894208,-0.8967951647034896,1.1480799960417534,0.8744084131993435,5.593290768780662,0.02570743736876413,-0.6799517273116824,0.7511862519896713,0.9398778869195665,A2,12,Cuneus,C,DKT,area,rh,area,False,True,46,A_sin_ansiedad,0.9873012698730127,False,18
12_cuneus_volume_lh,46,"Q('12_cuneus_volume_lh') ~ C(Grupo, Treatment(reference='Voluntario Sano')) + Edad + C(Genero) + N_Educacional + eTIV",0.3015014464487742,2,39,0.7414153030375398,0.7732926642191129,0.7474252574742526,0.015226191168591703,3.287329388168592e-05,0.057351610896851334,0.45166541882565225,0.049301299448151356,0.9811786677353536,19,17,10,4105.64705882353,4002.1052631578946,4267.3,-31.49777095151103,-0.05695911328907848,-0.9953499618033669,0.7918947438604671,0.8922434699605798,118.55484664782989,0.21438910555221752,-0.5819681594406363,0.9876846441510387,0.530385121049933,A2,12,Cuneus,C,DKT,volume,lh,volume,False,True,46,A_sin_ansiedad,0.8969103089691031,False,24
12_cuneus_volume_rh,46,"Q('12_cuneus_volume_rh') ~ C(Grupo, Treatment(reference='Voluntario Sano')) + Edad + C(Genero) + N_Educacional + eTIV",0.6887295601564016,2,39,0.5082174910794579,0.5930726587741212,0.49965003499650035,0.034114556743364784,0.00021655699153994644,0.13688075409968178,0.5197859414006192,0.1668791135392595,0.3512668054114574,19,17,10,4035.764705882353,3929.684210526316,4250.4,-91.50607533429707,-0.17882233861155164,-1.3616832650500943,0.7182010547012053,0.6709483758416906,139.57195692269477,0.2727532969841226,-0.47491204446130003,0.9400376762002702,0.4254669576956989,A2,12,Cuneus,C,DKT,volume,rh,volume,False,True,46,A_sin_ansiedad,0.7147050000882265,False,24
12_cuneus_LGI_lh,45,"Q('12_cuneus_LGI_lh') ~ C(Grupo, Treatment(reference='Voluntario Sano')) + Edad + C(Genero) + N_Educacional",2.7614204727938274,2,39,0.07557774063499074,0.15258042391814033,0.07489251074892511,0.12404511545741748,0.009036096450387094,0.32163872681493616,0.12694110942438439,0.6133219846275016,0.1270273777480727,18,17,10,2.708647058823529,2.7440555555555557,2.8800999999999997,-0.1738805188747645,-0.9588629361142789,-1.9448100452891603,-0.13111840700864494,0.02605639046211263,-0.0368382164729984,-0.20314409364026279,-0.8854470886605738,0.5231596234540294,0.5556456318369274,A2,12,Cuneus,C,DKT,LGI,lh,LGI,False,False,45,A_sin_ansiedad,0.32972702729727027,False,18
12_cuneus_LGI_rh,45,"Q('12_cuneus_LGI_rh') ~ C(Grupo, Treatment(reference='Voluntario Sano')) + Edad + C(Genero) + N_Educacional",0.03693764058207565,2,39,0.9637699052541282,0.9691288542507029,0.9652034796520348,0.0018906566249845052,4.794345997846066e-06,0.0024663031309250555,0.8424654062100339,0.9968131097669312,0.7666777797148947,18,17,10,2.8945882352941177,2.912777777777778,2.9261000000000004,-0.004246297089195633,-0.025130023587094496,-0.863412168007578,0.8485222693406937,0.9519616547381196,-0.015358425598597403,-0.09089274477177472,-0.8345817876848527,0.6881579140058507,0.7916604672552987,A2,12,Cuneus,C,DKT,LGI,rh,LGI,False,False,45,A_sin_ansiedad,0.9652034796520348,False,18
13_middletemporal_thickness_lh,46,"Q('13_middletemporal_thickness_lh') ~ C(Grupo, Treatment(reference='Voluntario Sano')) + Edad + C(Genero) + N_Educacional",0.2731245574233573,2,40,0.7624057090772478,0.7635911001276847,0.7621237876212379,0.013472247785472614,4.747578426491279e-05,0.05213178533262089,0.5349171246529529,0.7982116924741695,0.9683756133142135,19,17,10,2.724764705882353,2.7321052631578944,2.7828,-0.035998731214216706,-0.3040889224610219,-1.11386423715973,0.5534183615033614,0.4673831219255832,-0.00916927790407468,-0.07745483642197296,-0.8145677757985982,0.7294150106854465,0.8197683361062016,A2,13,Temporal medio,C,DKT,thickness,lh,thickness,False,False,46,A_sin_ansiedad,0.9698030196980302,False,18
13_middletemporal_thickness_rh,46,"Q('13_middletemporal_thickness_rh') ~ C(Grupo, Treatment(reference='Voluntario Sano')) + Edad + C(Genero) + N_Educacional",0.2160577419393172,2,40,0.8066228601721003,0.7922973603526381,0.8047195280471953,0.010687431975972921,5.061117551962641e-05,0.03931850489888579,0.5335462667672356,0.02975391447528816,0.6737830458529198,19,17,10,2.798352941176471,2.7829473684210524,2.8471,-0.012542947218583178,-0.10734971711951577,-0.8704418339441294,0.6569740894553857,0.7969425246720384,0.017297062820757603,0.14803815789448613,-0.6617132604663482,0.9434759334957946,0.6634937548914241,A2,13,Temporal medio,C,DKT,thickness,rh,thickness,False,False,46,A_sin_ansiedad,0.9698030196980302,False,18
13_middletemporal_area_lh,46,"Q('13_middletemporal_area_lh') ~ C(Grupo, Treatment(reference='Voluntario Sano')) + Edad + C(Genero) + N_Educacional + eTIV",1.5945706135628883,2,39,0.21594665147751174,0.2327066670503609,0.21577842215778423,0.07559151796802392,0.0019693768771424976,0.22026658934865012,0.12199519799586321,0.7403458538329502,0.7895850465874318,19,17,10,4167.235294117647,4273.8421052631575,4644.6,-210.86216952434597,-0.737528430780444,-1.6438060610812193,0.1284264602997785,0.08529943364305924,-96.47328101701203,-0.3374326827861958,-1.0780051489200027,0.42509091612442323,0.32519806642138704,A2,13,Temporal medio,C,DKT,area,lh,area,False,True,46,A_sin_ansiedad,0.6497350264973503,False,18
13_middletemporal_area_rh,46,"Q('13_middletemporal_area_rh') ~ C(Grupo, Treatment(reference='Voluntario Sano')) + Edad + C(Genero) + N_Educacional + eTIV",2.100201842232417,2,39,0.13606537969920446,0.21193331185708453,0.140985901409859,0.09723065819348646,0.0021759918411170375,0.2597048904712484,0.17954833596242414,0.8734132169525028,0.49718372526799315,19,17,10,4106.470588235294,4313.315789473684,4538.5,-179.90875256292657,-0.6313140784499067,-1.479163532071803,0.14479152730869524,0.1387758038986615,-183.08246780251255,-0.6424508968825777,-1.3690272441848792,0.19640826424642632,0.06523961947335544,A2,13,Temporal medio,C,DKT,area,rh,area,False,True,46,A_sin_ansiedad,0.6497350264973503,False,18
13_middletemporal_volume_lh,46,"Q('13_middletemporal_volume_lh') ~ C(Grupo, Treatment(reference='Voluntario Sano')) + Edad + C(Genero) + N_Educacional + eTIV",2.263622981115506,2,39,0.1174672065985443,0.1824368061341855,0.11778822117788221,0.10400947411557682,0.003918173146756863,0.27390641215734723,0.07888766179751228,0.9119814843082525,0.9906728752450401,19,17,10,12515.64705882353,12898.473684210527,14413.8,-975.6688488020827,-0.8882623957019606,-1.7605184206210749,-0.01426973961859527,0.039853853242014695,-363.1059778413585,-0.3305766973774674,-0.9688690991922384,0.41143829986720637,0.335003935379926,A2,13,Temporal medio,C,DKT,volume,lh,volume,False,True,46,A_sin_ansiedad,0.6935306469353064,False,24
13_middletemporal_volume_rh,46,"Q('13_middletemporal_volume_rh') ~ C(Grupo, Treatment(reference='Voluntario Sano')) + Edad + C(Genero) + N_Educacional + eTIV",1.766388368024825,2,39,0.18435162810501837,0.24826757814831849,0.1733826617338266,0.08306010110680977,0.0015692104882547339,0.25717734372087614,0.1095470697615568,0.9361055965780694,0.5473310057623947,19,17,10,12704.058823529413,13376.684210526315,14377.7,-733.9716975568526,-0.6670433256994667,-1.5215298134369095,0.13511939182506502,0.11837778380356047,-588.1251682518018,-0.5344960431908926,-1.2675434790522164,0.2961000233851965,0.1225731709469744,A2,13,Temporal medio,C,DKT,volume,rh,volume,False,True,46,A_sin_ansiedad,0.6935306469353064,False,24
13_middletemporal_LGI_lh,45,"Q('13_middletemporal_LGI_lh') ~ C(Grupo, Treatment(reference='Voluntario Sano')) + Edad + C(Genero) + N_Educacional",1.7466588711673126,2,39,0.1877186155784928,0.2519760050986935,0.18938106189381063,0.08220863721484269,0.0010872740615575423,0.2623054700729326,0.16908558003753404,0.8968631159214064,0.3549887460412701,18,17,10,3.0258235294117646,3.1051111111111114,3.0834,-0.03550367626841816,-0.28183505135308784,-0.9388670146803159,0.5232580001498212,0.5005235780608512,-0.0803164917494879,-0.6375678508778074,-1.372105320395186,0.18207239687987758,0.0696216462348633,A2,13,Temporal medio,C,DKT,LGI,lh,LGI,False,False,45,A_sin_ansiedad,0.48697987344122734,False,18
13_middletemporal_LGI_rh,45,"Q('13_middletemporal_LGI_rh') ~ C(Grupo, Treatment(reference='Voluntario Sano')) + Edad + C(Genero) + N_Educacional",2.555814011102174,2,39,0.09056797338868328,0.07806651969815045,0.08849115088491151,0.11587937810028962,0.006363737838794344,0.27319155865959394,0.14313291365980563,0.6276227937511076,0.3649023216839537,18,17,10,2.9928823529411765,3.0903888888888886,3.0584,-0.04629899518317643,-0.34131965260220887,-1.3841876763900838,0.7029279804579589,0.4152214137256472,-0.10461864515538963,-0.7712564706615197,-1.4019398097269242,-0.03896734269915242,0.029693744003825673,A2,13,Temporal medio,C,DKT,LGI,rh,LGI,False,False,45,A_sin_ansiedad,0.32972702729727027,False,18
14_comp_thickness_lh,46,"Q('14_comp_thickness_lh') ~ C(Grupo, Treatment(reference='Voluntario Sano')) + Edad + C(Genero) + N_Educacional",2.0980760375895358,2,40,0.13599114833346676,0.14620081716460623,0.13008699130086993,0.09494383284864442,0.0023266620922108958,0.2736416861733213,0.14237159261894905,0.15332702235661888,0.9239130101986567,19,17,10,2.620528377660433,2.5583460335772816,2.6251543843391074,0.0021989896863967573,0.02028831676306176,-0.871437188579914,0.9416237492136245,0.961199349668017,0.06871051333491524,0.6339368793382418,-0.11245169050469163,1.3331523133940206,0.06781006215913328,A2,14,Cingulada anterior,C,DKT,thickness,lh,thickness,True,False,46,A_sin_ansiedad,0.9698030196980302,False,18
14_comp_thickness_rh,46,"Q('14_comp_thickness_rh') ~ C(Grupo, Treatment(reference='Voluntario Sano')) + Edad + C(Genero) + N_Educacional",0.2778079912836811,2,40,0.7588916675707605,0.7625826826308502,0.7609239076092391,0.013700099705209535,2.5745819872339065e-05,0.05408290217740506,0.4489443533401566,0.1348425404232863,0.8058687982037593,19,17,10,2.4548538567785787,2.469748315305009,2.5031167224214075,-0.03844527686798793,-0.3071963719939423,-1.1781386842272625,0.49427715256656957,0.46287566609384106,-0.01021488647576696,-0.08162188755879353,-0.8157677035553735,0.6803968237458047,0.8102588190851049,A2,14,Cingulada anterior,C,DKT,thickness,rh,thickness,True,False,46,A_sin_ansiedad,0.9698030196980302,False,18
14_comp_area_lh,46,"Q('14_comp_area_lh') ~ C(Grupo, Treatment(reference='Voluntario Sano')) + Edad + C(Genero) + N_Educacional + eTIV",0.23269377428701005,2,39,0.7934884044575619,0.7979160656978755,0.7905209479052094,0.01179229642686825,2.562762959904517e-05,0.04296566048683098,0.644990145435872,0.1557486919540334,0.6539087501580196,19,17,10,2322.8823529411766,2378.7894736842104,2438.9,33.6988870127708,0.14879169234565162,-0.8710031881251648,1.00356873400554,0.7236184808662681,-28.68881592264961,-0.12667057730738193,-0.8677179243875683,0.678158416800199,0.7103977182279317,A2,14,Cingulada anterior,C,DKT,area,lh,area,True,True,46,A_sin_ansiedad,0.9873012698730127,False,18
14_comp_area_rh,46,"Q('14_comp_area_rh') ~ C(Grupo, Treatment(reference='Voluntario Sano')) + Edad + C(Genero) + N_Educacional + eTIV",1.2401379153863594,2,39,0.30050239790889355,0.41024874811316014,0.30316968303169683,0.05979410168079673,0.0006632950803242083,0.22359100903790202,0.10699207010033568,0.8085832483768347,0.3646675202348232,19,17,10,1635.5294117647059,1775.842105263158,1891.5,-129.46048937337298,-0.5524455186439352,-1.4592881602173828,0.5602933217997179,0.19370911382659287,-106.17958104959388,-0.4530991193240717,-1.3046239866545695,0.34366971328230467,0.1886623440584689,A2,14,Cingulada anterior,C,DKT,area,rh,area,True,True,46,A_sin_ansiedad,0.6497350264973503,False,18
14_comp_volume_lh,46,"Q('14_comp_volume_lh') ~ C(Grupo, Treatment(reference='Voluntario Sano')) + Edad + C(Genero) + N_Educacional + eTIV",0.02293334937289986,2,39,0.9773407907177946,0.9691679778660897,0.9748025197480252,0.0011746876846063967,2.0833493586116757e-06,0.0013754096489472893,0.48573838589015206,0.03993629882441341,0.6282955441006906,19,17,10,6238.235294117647,6327.0,6604.3,55.99030391444467,0.08320868118521411,-0.801891457112617,0.8782473980410358,0.8431477986151151,3.1688308150845046,0.004709283832878512,-0.792229520165931,0.8465447905000407,0.9889758891479716,A2,14,Cingulada anterior,C,DKT,volume,lh,volume,True,True,46,A_sin_ansiedad,0.9748025197480252,False,24
14_comp_volume_rh,46,"Q('14_comp_volume_rh') ~ C(Grupo, Treatment(reference='Voluntario Sano')) + Edad + C(Genero) + N_Educacional + eTIV",1.4792147126990782,2,39,0.24031726884639046,0.3418445166072743,0.24537546245375463,0.07050858351736514,0.0004055036174579837,0.2660190282397005,0.08827582654476865,0.2753138998947987,0.31600991622281216,19,17,10,4333.411764705882,4736.210526315789,5095.3,-440.7421055161494,-0.644780738029701,-1.6610450063788393,0.38791569128999764,0.13077926646477456,-311.41735568779154,-0.4555859536054122,-1.3240385493453308,0.3508033623103904,0.18630104725716193,A2,14,Cingulada anterior,C,DKT,volume,rh,volume,True,True,46,A_sin_ansiedad,0.7147050000882265,False,24
14_comp_LGI_lh,45,"Q('14_comp_LGI_lh') ~ C(Grupo, Treatment(reference='Voluntario Sano')) + Edad + C(Genero) + N_Educacional",0.42516085834139294,2,39,0.6566578127192368,0.6973532911911484,0.6514348565143485,0.021337888379626566,8.690084847769983e-05,0.07837019718475684,0.5779184905364354,0.9990337060554233,0.8870875336323988,18,17,10,1.844743465167562,1.8694566662633578,1.871024691452257,-0.0030816491953058467,-0.042959479112865524,-0.9495087043714028,0.9268828347994066,0.9179780528748316,-0.02145928942756741,-0.2991514729660926,-1.0158532978409853,0.5055148894903105,0.38672223164337804,A2,14,Cingulada anterior,C,DKT,LGI,lh,LGI,True,False,45,A_sin_ansiedad,0.7328642135786421,False,18
14_comp_LGI_rh,45,"Q('14_comp_LGI_rh') ~ C(Grupo, Treatment(reference='Voluntario Sano')) + Edad + C(Genero) + N_Educacional",1.4940800768812277,2,39,0.23702074487268582,0.2563814221118455,0.2425757424257574,0.07116673230786212,0.0002437993862505286,0.20480594372727118,0.3978062181528203,0.7002856056595997,0.4715286396277817,18,17,10,1.8993989300510998,1.9508834920236242,1.9345116737325143,-0.013690806579637282,-0.1820344835835508,-1.1819742055503681,0.8293628341149019,0.6629384386774214,-0.043746619907394334,-0.5816599129530167,-1.216869784810225,0.2692289852152149,0.09670103156930544,A2,14,Cingulada anterior,C,DKT,LGI,rh,LGI,True,False,45,A_sin_ansiedad,0.5175482451754825,False,18
15_rostralmiddlefrontal_thickness_lh,46,"Q('15_rostralmiddlefrontal_thickness_lh') ~ C(Grupo, Treatment(reference='Voluntario Sano')) + Edad + C(Genero) + N_Educacional",2.066963341600827,2,40,0.13987768703461775,0.18489645690346515,0.1431856814318568,0.09366777429244967,0.0011828084144380518,0.2955150002236064,0.04797709280984212,0.8209588693277728,0.8354122899692482,19,17,10,2.461,2.4179473684210526,2.5009,-0.0269787561454784,-0.3066196613063242,-1.3453629107842793,0.7584086357593416,0.46371029783855994,0.041733942804867946,0.4743156926436277,-0.29846804710340513,1.1830956894062434,0.16789821865359833,A2,15,Prefrontal dorsolateral,C,DKT,thickness,lh,thickness,False,False,46,A_sin_ansiedad,0.9698030196980302,False,18
15_rostralmiddlefrontal_thickness_rh,46,"Q('15_rostralmiddlefrontal_thickness_rh') ~ C(Grupo, Treatment(reference='Voluntario Sano')) + Edad + C(Genero) + N_Educacional",0.3197520874078529,2,40,0.7281683750046906,0.7961935832122246,0.726027397260274,0.015736023059356282,5.6859235216893105e-06,0.06797453284783968,0.5455525403804109,0.5243128205116293,0.4179808309719107,19,17,10,2.389235294117647,2.3923684210526317,2.4375,-0.03596969713551479,-0.3257184257333023,-1.3938689809098133,0.6258508751420885,0.4365362846510448,-0.007381012657579178,-0.06683769991409076,-0.8160656500313235,0.6724982129701005,0.8441188226978433,A2,15,Prefrontal dorsolateral,C,DKT,thickness,rh,thickness,False,False,46,A_sin_ansiedad,0.9698030196980302,False,18
15_rostralmiddlefrontal_area_lh,46,"Q('15_rostralmiddlefrontal_area_lh') ~ C(Grupo, Treatment(reference='Voluntario Sano')) + Edad + C(Genero) + N_Educacional + eTIV",0.0459426621999781,2,39,0.9551483351281354,0.9633001628039006,0.9542045795420458,0.002350496110316895,4.594371882627305e-05,0.0038325520365510577,0.5935680710611537,0.30437296742498543,0.32429904813129573,19,17,10,4036.823529411765,4068.2105263157896,4299.4,-54.19613320068743,-0.10958063174292733,-1.241107462736855,0.8258874729045762,0.7944532817842913,4.246143644479218,0.008585393007841871,-0.7444473812332867,0.8203314842803593,0.9799037266275249,A2,15,Prefrontal dorsolateral,C,DKT,area,lh,area,False,True,46,A_sin_ansiedad,0.9873012698730127,False,18
15_rostralmiddlefrontal_area_rh,46,"Q('15_rostralmiddlefrontal_area_rh') ~ C(Grupo, Treatment(reference='Voluntario Sano')) + Edad + C(Genero) + N_Educacional + eTIV",0.7013294035132162,2,39,0.5020718710190714,0.6076407845458806,0.49765023497650235,0.0347169926050138,0.0001406964871268204,0.13780227842444898,0.30205118543162124,0.28487467140209777,0.7682250599671462,19,17,10,4222.64705882353,4215.105263157895,4752.0,-262.2597402794122,-0.4635879616063229,-1.4950095499917786,0.35811681413169216,0.2738927358917198,-19.12571769311768,-0.033807905361928854,-0.8346896124346259,0.6748045207484261,0.9209900093187063,A2,15,Prefrontal dorsolateral,C,DKT,area,rh,area,False,True,46,A_sin_ansiedad,0.8313532283135322,False,18
15_rostralmiddlefrontal_volume_lh,46,"Q('15_rostralmiddlefrontal_volume_lh') ~ C(Grupo, Treatment(reference='Voluntario Sano')) + Edad + C(Genero) + N_Educacional + eTIV",0.20667998239786195,2,39,0.814164892443865,0.8577202227392534,0.8116188381161884,0.010487813400454562,8.832843345572479e-05,0.0365004466774651,0.46960247080151973,0.2573158828388931,0.40916369622822474,19,17,10,10635.0,10658.421052631578,11506.2,-275.48739720748335,-0.1956731628324437,-1.29781591957489,0.7061213631108255,0.6420933337995048,94.51578538868307,0.06713266324363715,-0.6693086943151991,0.8664242310459759,0.8438908767446648,A2,15,Prefrontal dorsolateral,C,DKT,volume,lh,volume,False,True,46,A_sin_ansiedad,0.9240119466314237,False,24
15_rostralmiddlefrontal_volume_rh,46,"Q('15_rostralmiddlefrontal_volume_rh') ~ C(Grupo, Treatment(reference='Voluntario Sano')) + Edad + C(Genero) + N_Educacional + eTIV",0.9266266283206847,2,39,0.40442708582553133,0.5744344473591705,0.40815918408159185,0.04536366406364693,0.00042393874739398677,0.18247355523829503,0.17794269179514585,0.17681628840735186,0.47780534299998606,19,17,10,10788.470588235294,10828.368421052632,12376.9,-871.8430462474803,-0.5415483474732014,-1.626144214290484,0.3769131822714755,0.20245614719213947,-96.95769644347774,-0.06022561114614776,-0.8291653207354414,0.6237528917503378,0.8597696585266109,A2,15,Prefrontal dorsolateral,C,DKT,volume,rh,volume,False,True,46,A_sin_ansiedad,0.7147050000882265,False,24
15_rostralmiddlefrontal_LGI_lh,45,"Q('15_rostralmiddlefrontal_LGI_lh') ~ C(Grupo, Treatment(reference='Voluntario Sano')) + Edad + C(Genero) + N_Educacional",0.8895394900618568,2,39,0.4190156928572529,0.4375867848501632,0.42185781421857815,0.043627247711770574,6.911993501274114e-05,0.14877214239300215,0.5722289266593816,0.25935546159609074,0.4004466584540974,18,17,10,2.606411764705882,2.6682777777777775,2.6243000000000003,-0.0082881744936599,-0.06517188170793305,-0.9845772440597773,0.8355774896383692,0.8758644645769624,-0.05512931438682403,-0.4334948737633297,-1.1378838145295729,0.4749104993456611,0.21213590145042904,A2,15,Prefrontal dorsolateral,C,DKT,LGI,lh,LGI,False,False,45,A_sin_ansiedad,0.6327867213278673,False,18
15_rostralmiddlefrontal_LGI_rh,45,"Q('15_rostralmiddlefrontal_LGI_rh') ~ C(Grupo, Treatment(reference='Voluntario Sano')) + Edad + C(Genero) + N_Educacional",0.5936827150223135,2,39,0.5572035630438904,0.6211092281210205,0.5543445655434457,0.02954573949644722,0.00014669918348770805,0.1157245735560285,0.49361214153137856,0.8794818175354615,0.8274816281862971,18,17,10,2.642,2.6866666666666665,2.6774,-0.0010892151629120217,-0.009615535128656613,-0.8754430087800058,1.0843417287918002,0.9816091631839494,-0.03866701268477197,-0.341350388289322,-1.0073240084767634,0.442783976425719,0.3240139716473936,A2,15,Prefrontal dorsolateral,C,DKT,LGI,rh,LGI,False,False,45,A_sin_ansiedad,0.6652134786521348,False,18
16a_precentral_thickness_lh,46,"Q('16a_precentral_thickness_lh') ~ C(Grupo, Treatment(reference='Voluntario Sano')) + Edad + C(Genero) + N_Educacional",0.11590491000270048,2,40,0.8908578952971287,0.9156503289772231,0.8942105789421058,0.0057618541408528115,9.297000050583364e-06,0.015789234286179264,0.8909557025660775,0.6324311045174741,0.7898260585508359,19,17,10,2.714058823529412,2.728578947368421,2.7115,0.029057236480605986,0.19572731281417163,-0.7329275069632067,1.1038084938507464,0.6392960976914139,0.014251056341483548,0.09599402077839178,-0.688581737768047,0.8571108299760197,0.7776915072046897,A2,16a,Precentral,C,DKT,thickness,lh,thickness,False,False,46,A_sin_ansiedad,0.9698030196980302,False,18
16a_precentral_thickness_rh,46,"Q('16a_precentral_thickness_rh') ~ C(Grupo, Treatment(reference='Voluntario Sano')) + Edad + C(Genero) + N_Educacional",0.07375462113948261,2,40,0.9290256214447288,0.9466792882800125,0.929007099290071,0.003674181663145982,1.494709795524734e-05,0.008198510258697108,0.9095617825316085,0.23202137375932652,0.8255931075498631,19,17,10,2.6478235294117645,2.6957368421052634,2.6644,0.0073870896369719885,0.044504960274350386,-0.8292673449761689,0.9667517880351632,0.9150185105481449,-0.016197268494670125,-0.09758359872884462,-0.8422525928716705,0.7485520304153218,0.7741131140484409,A2,16a,Precentral,C,DKT,thickness,rh,thickness,False,False,46,A_sin_ansiedad,0.9698030196980302,False,18
16a_precentral_area_lh,46,"Q('16a_precentral_area_lh') ~ C(Grupo, Treatment(reference='Voluntario Sano')) + Edad + C(Genero) + N_Educacional + eTIV",1.3705367622236944,2,39,0.2659312391818766,0.49293566224148355,0.26207379262073793,0.06566849611191637,0.001233463832786531,0.2447898069609315,0.3528277394814697,0.03390549942326555,0.07497797578660698,19,17,10,4617.823529411765,4659.8421052631575,5098.7,-322.55176599198285,-0.6710353825768782,-1.6434537661434585,0.4202987950305041,0.11625859762499945,-52.652255651082896,-0.10953753858919558,-0.7185819277122515,0.532456169441462,0.7480811725504023,A2,16a,Precentral,C,DKT,area,lh,area,False,True,46,A_sin_ansiedad,0.6497350264973503,False,18
16a_precentral_area_rh,46,"Q('16a_precentral_area_rh') ~ C(Grupo, Treatment(reference='Voluntario Sano')) + Edad + C(Genero) + N_Educacional + eTIV",0.12425367147155592,2,39,0.8835039874575196,0.8912747779084934,0.882011798820118,0.006331638061333649,3.830016731462779e-05,0.017898149508636402,0.9766627031742978,0.6750710936592331,0.2576738646178243,19,17,10,4549.117647058823,4590.473684210527,4613.8,25.07914640688523,0.07483302551485455,-0.8351641260342486,1.3615109232129716,0.8587542571926857,-39.06278964222389,-0.11655846202067725,-0.764712452065445,0.676572434884023,0.7325570317842555,A2,16a,Precentral,C,DKT,area,rh,area,False,True,46,A_sin_ansiedad,0.9873012698730127,False,18
16a_precentral_volume_lh,46,"Q('16a_precentral_volume_lh') ~ C(Grupo, Treatment(reference='Voluntario Sano')) + Edad + C(Genero) + N_Educacional + eTIV",0.7130667773329133,2,39,0.4964171897088706,0.6220763281237313,0.49565043495650435,0.035277515539232855,0.00011358341783609951,0.14236293049388105,0.16982105281514315,0.5021546271043213,0.2817192890960659,19,17,10,13105.588235294117,13376.473684210527,14302.2,-556.8442298008067,-0.49110878069578295,-1.4087822859277381,0.5491084396403498,0.24685998864612493,-119.93573400028595,-0.10577732323419123,-0.7470727508846114,0.5879184224701908,0.7564398037402067,A2,16a,Precentral,C,DKT,volume,lh,volume,False,True,46,A_sin_ansiedad,0.7147050000882265,False,24
16a_precentral_volume_rh,46,"Q('16a_precentral_volume_rh') ~ C(Grupo, Treatment(reference='Voluntario Sano')) + Edad + C(Genero) + N_Educacional + eTIV",0.33200362513028625,2,39,0.719492639214139,0.7925327389197548,0.7195280471952805,0.01674080095011606,4.9176427641368394e-05,0.06475409345564745,0.3739315924401202,0.11937425737509655,0.3158552283737436,19,17,10,12635.70588235294,13120.684210526315,13024.5,81.31045211076025,0.06330206023854236,-0.8131090828129601,1.288337519117389,0.8803329124934637,-286.7923180362559,-0.22327442685415566,-0.8459159028502196,0.6319820444960119,0.513575125043407,A2,16a,Precentral,C,DKT,volume,rh,volume,False,True,46,A_sin_ansiedad,0.8969103089691031,False,24
16a_precentral_LGI_lh,45,"Q('16a_precentral_LGI_lh') ~ C(Grupo, Treatment(reference='Voluntario Sano')) + Edad + C(Genero) + N_Educacional",4.931520044804641,2,39,0.012320842425147277,0.016642330575006005,0.012098790120987902,0.20185072544650481,0.014116306261497128,0.38483710359263923,0.11799143409151451,0.6439577149277702,0.9148111029972554,18,17,10,3.204941176470588,3.3423333333333334,3.2721000000000005,-0.03677969152488403,-0.25773312890830213,-1.2569432823345301,0.7496922103083915,0.5376626202230722,-0.14901466100754787,-1.0442179703628274,-1.723558761982279,-0.19168207668067275,0.0040394642581723945,A2,16a,Precentral,C,DKT,LGI,lh,LGI,False,False,45,A_sin_ansiedad,0.10888911108889113,False,18
16a_precentral_LGI_rh,45,"Q('16a_precentral_LGI_rh') ~ C(Grupo, Treatment(reference='Voluntario Sano')) + Edad + C(Genero) + N_Educacional",2.0877150074667754,2,39,0.13760833454445348,0.20377131442710944,0.14228577142285773,0.0967084754799049,0.0008874412241650566,0.2746624838757271,0.6678178829604036,0.5723825544358306,0.4301125723831535,18,17,10,3.2141176470588237,3.276,3.2125999999999997,0.042148692335992555,0.34215061160936394,-0.5722753458533518,1.2543924144226144,0.4140964385291517,-0.056883994382614406,-0.4617674331066957,-1.1781174055046633,0.4023645380318641,0.18440504993090528,A2,16a,Precentral,C,DKT,LGI,rh,LGI,False,False,45,A_sin_ansiedad,0.4268573142685732,False,18
16b_postcentral_thickness_lh,46,"Q('16b_postcentral_thickness_lh') ~ C(Grupo, Treatment(reference='Voluntario Sano')) + Edad + C(Genero) + N_Educacional",1.3572778410464799,2,40,0.26895644947209507,0.3560689722344869,0.27207279272072793,0.0635510691553552,0.0016761578290392088,0.21129569044910718,0.20833638250342376,0.3756457679282224,0.43979279018147965,19,17,10,2.325823529411765,2.2954736842105263,2.3966000000000003,-0.0534024143884001,-0.4577094773107112,-1.4443048910985814,0.45029004619329427,0.2760100219143148,0.025300870595798552,0.21685252227892465,-0.4603382319823928,0.9341240262934791,0.5244663254723757,A2,16b,Postcentral,C,DKT,thickness,lh,thickness,False,False,46,A_sin_ansiedad,0.9698030196980302,False,18
16b_postcentral_thickness_rh,46,"Q('16b_postcentral_thickness_rh') ~ C(Grupo, Treatment(reference='Voluntario Sano')) + Edad + C(Genero) + N_Educacional",0.5196951253256754,2,40,0.5986621975345416,0.6170152362247905,0.6084391560843916,0.025326649453200737,0.00015062726001762117,0.09670221049650855,0.4998624742826977,0.06386823198243104,0.15376845127994698,19,17,10,2.3038823529411765,2.2953157894736846,2.3605,-0.046150926477909415,-0.36896345007871717,-1.3908059325861513,0.517311665570879,0.3786375412363091,0.0031473643974987975,0.025162277669808615,-0.7565911335492899,0.7465541540160177,0.9409788349719803,A2,16b,Postcentral,C,DKT,thickness,rh,thickness,False,False,46,A_sin_ansiedad,0.9698030196980302,False,18
16b_postcentral_area_lh,46,"Q('16b_postcentral_area_lh') ~ C(Grupo, Treatment(reference='Voluntario Sano')) + Edad + C(Genero) + N_Educacional + eTIV",1.541709149731114,2,39,0.22677499355994943,0.1988063121995394,0.23227677232276772,0.073269197799496,0.0013045417789670183,0.1971541892168542,0.4157857205548616,0.288796431395576,0.3750557198832224,19,17,10,4478.235294117647,4708.315789473684,4635.3,102.35540673890364,0.24806472961016626,-0.7088652084316592,1.2922537425359537,0.5560501107877851,-173.3756436998463,-0.4201867155400996,-1.004570357694846,0.21175102743011381,0.22210543853011336,A2,16b,Postcentral,C,DKT,area,lh,area,False,True,46,A_sin_ansiedad,0.6497350264973503,False,18
16b_postcentral_area_rh,46,"Q('16b_postcentral_area_rh') ~ C(Grupo, Treatment(reference='Voluntario Sano')) + Edad + C(Genero) + N_Educacional + eTIV",1.8023402306004195,2,39,0.178378392171413,0.17648846634289153,0.17918208179182082,0.08460761639753508,0.0010407583011424653,0.22078927977659552,0.13373687238603263,0.11112695831698038,0.5883813334582039,19,17,10,4106.64705882353,4434.0526315789475,4247.0,7.912836685240336,0.017286368192984628,-0.8551037070783412,1.0629944669159508,0.967202908545963,-263.33950928573915,-0.5752909984562532,-1.1649280425426158,0.19615654961959927,0.09732815909880574,A2,16b,Postcentral,C,DKT,area,rh,area,False,True,46,A_sin_ansiedad,0.6497350264973503,False,18
16b_postcentral_volume_lh,46,"Q('16b_postcentral_volume_lh') ~ C(Grupo, Treatment(reference='Voluntario Sano')) + Edad + C(Genero) + N_Educacional + eTIV",0.8714638944371177,2,39,0.426325460597593,0.3686693919533064,0.42205779422057793,0.04277865837000994,0.0003980991598126466,0.14226260287930256,0.26926341553078237,0.513613768113944,0.7398266379912743,19,17,10,11107.117647058823,11651.684210526315,11808.4,11.49252931849287,0.010958420956415988,-0.9281587431153868,0.9779857238598537,0.9792051603471316,-419.93098426046106,-0.4004149452778343,-1.0713070489811167,0.30043109453726924,0.24421388090330995,A2,16b,Postcentral,C,DKT,volume,lh,volume,False,True,46,A_sin_ansiedad,0.7147050000882265,False,24
16b_postcentral_volume_rh,46,"Q('16b_postcentral_volume_rh') ~ C(Grupo, Treatment(reference='Voluntario Sano')) + Edad + C(Genero) + N_Educacional + eTIV",2.0778430428904624,2,39,0.1388411947169984,0.17319268316539269,0.13738626137386262,0.09629521536329264,0.0017079708885649292,0.28657960945898714,0.1347393090480997,0.49786806017114904,0.514649241510611,19,17,10,10101.117647058823,11004.578947368422,10621.6,-96.85817362759235,-0.08374213192853447,-0.9138135641543833,0.7848610504853172,0.8421559073687995,-752.0719086373042,-0.6502301523359354,-1.3451725758506468,0.1773167869919181,0.0621862799774107,A2,16b,Postcentral,C,DKT,volume,rh,volume,False,True,46,A_sin_ansiedad,0.6935306469353064,False,24
16b_postcentral_LGI_lh,45,"Q('16b_postcentral_LGI_lh') ~ C(Grupo, Treatment(reference='Voluntario Sano')) + Edad + C(Genero) + N_Educacional",5.399786228985545,2,39,0.008508644116815935,0.01684501849140179,0.008999100089991,0.21686074648704085,0.02035716805176997,0.42376522851083687,0.08998458831645449,0.5990797070064505,0.5864052659827143,18,17,10,3.190294117647059,3.327833333333333,3.2558999999999996,-0.03869302792854207,-0.28789772178564166,-1.206153815158527,0.6032665019036899,0.49140866529592875,-0.14731558700725952,-1.0961101819488062,-1.809910072894731,-0.2156727779100921,0.0026754401745228426,A2,16b,Postcentral,C,DKT,LGI,lh,LGI,False,False,45,A_sin_ansiedad,0.10888911108889113,False,18
16b_postcentral_LGI_rh,45,"Q('16b_postcentral_LGI_rh') ~ C(Grupo, Treatment(reference='Voluntario Sano')) + Edad + C(Genero) + N_Educacional",2.533472083615316,2,39,0.0923756694316293,0.13737812697956728,0.09159084091590841,0.11498288031958769,0.0010487628487086244,0.2739582588342459,0.4975201077078093,0.8746078288403668,0.3876048438001092,18,17,10,3.1347058823529412,3.2166111111111113,3.1492999999999998,0.0286343490833183,0.2197521498477658,-0.65183061376682,1.0991463529660095,0.5989751063877015,-0.0785551767739852,-0.6028657724163653,-1.318740922033457,0.288974539901086,0.08554247889843362,A2,16b,Postcentral,C,DKT,LGI,rh,LGI,False,False,45,A_sin_ansiedad,0.32972702729727027,False,18
17_Thalamus_volume_lh,46,"Q('17_Thalamus_volume_lh') ~ C(Grupo, Treatment(reference='Voluntario Sano')) + Edad + C(Genero) + N_Educacional + eTIV",1.373492802822658,2,39,0.26519782310289836,0.32067162815216077,0.26037396260373963,0.06580081329929244,0.0003825392559725357,0.2163865953350086,0.33985641845909464,0.6573174301022384,0.5042171851040086,19,17,10,6979.347058823529,7280.557894736842,7335.089999999999,48.60286675433372,0.09217831738764834,-0.8312548950415478,1.0608497324925381,0.8265053992193482,-248.41051145247877,-0.4711257688324098,-1.1199398824100246,0.24860544491863426,0.17205670633710657,A2,17,Tálamo,S,aseg,volume,lh,volume,False,True,46,A_sin_ansiedad,0.7147050000882265,False,24
17_Thalamus_volume_rh,46,"Q('17_Thalamus_volume_rh') ~ C(Grupo, Treatment(reference='Voluntario Sano')) + Edad + C(Genero) + N_Educacional + eTIV",1.3381638965733964,2,39,0.2741041783419944,0.3244970812747289,0.26817318268173185,0.06421697723538121,0.0019008427107886025,0.2075111093877923,0.32882953782367513,0.7139489018149184,0.8078446260689531,19,17,10,6719.623529411765,7007.98947368421,7118.039999999999,-37.73861024106236,-0.08404718702736667,-0.8737102357463401,0.9046663694050773,0.8415888087701975,-236.30359581691334,-0.5262687837734293,-1.203331664110152,0.2089318124533574,0.12826009202308936,A2,17,Tálamo,S,aseg,volume,rh,volume,False,True,46,A_sin_ansiedad,0.7147050000882265,False,24
18_Amygdala_volume_lh,46,"Q('18_Amygdala_volume_lh') ~ C(Grupo, Treatment(reference='Voluntario Sano')) + Edad + C(Genero) + N_Educacional + eTIV",3.2468538458762,2,39,0.049625951487213125,0.07913963170867849,0.0494950504949505,0.14273859004307204,0.009381700384013564,0.36183573249183865,0.09408107422497076,0.2755216870384579,0.5270695380330844,19,17,10,1632.9705882352941,1739.2526315789476,1875.92,-115.24400390895948,-0.8471395281803313,-1.8661191929168721,0.12397593648743688,0.04943582840945268,-104.17445029540721,-0.7657690784625347,-1.4889098330463875,0.011061154850361193,0.029399055964945926,A2,18,Amígdala,S,aseg,volume,lh,volume,False,True,46,A_sin_ansiedad,0.5939406059394061,False,24
18_Amygdala_volume_rh,46,"Q('18_Amygdala_volume_rh') ~ C(Grupo, Treatment(reference='Voluntario Sano')) + Edad + C(Genero) + N_Educacional + eTIV",1.169726268452392,2,39,0.3211055256930832,0.3745767374374585,0.3150684931506849,0.05659128008084517,0.0003178641993991345,0.19300242316333885,0.2093170069250407,0.10037167724606572,0.19423160406259923,19,17,10,1729.0941176470587,1803.3157894736842,1959.5,-84.14868782159965,-0.5465437041415414,-1.557163821721283,0.39004395339334985,0.19840998666839166,-66.48034808949464,-0.4317882623967069,-1.1001307612302724,0.3259537323315402,0.2098453737747881,A2,18,Amígdala,S,aseg,volume,rh,volume,False,True,46,A_sin_ansiedad,0.7147050000882265,False,24
19_Cerebellum_Cortex_volume_lh,46,"Q('19_Cerebellum_Cortex_volume_lh') ~ C(Grupo, Treatment(reference='Voluntario Sano')) + Edad + C(Genero) + N_Educacional + eTIV",0.8697155432122667,2,39,0.42703956948305827,0.4017200385371593,0.4206579342065793,0.042696499191029656,0.0006062236555012789,0.1420275777926854,0.046112850215194345,0.7927779242486437,0.4434872428972365,19,17,10,50913.77058823529,50524.12631578947,55413.64,-1255.4507187486015,-0.34101599832753954,-1.3102903076354462,0.850042079808278,0.41925789531113045,733.2647082589574,0.1991754776121585,-0.5557685235923264,0.9761379839434104,0.5598273908916237,A2,19,Cerebelo,S,aseg,volume,lh,volume,False,True,46,A_sin_ansiedad,0.7147050000882265,False,24
19_Cerebellum_Cortex_volume_rh,46,"Q('19_Cerebellum_Cortex_volume_rh') ~ C(Grupo, Treatment(reference='Voluntario Sano')) + Edad + C(Genero) + N_Educacional + eTIV",1.9222257846059232,2,39,0.15988781618610784,0.173767144568397,0.15998400159984003,0.08973044182865632,0.001174157044562744,0.24426353804743312,0.026813081336713958,0.8767709281375126,0.0844311440624027,19,17,10,50725.958823529414,50103.936842105264,55650.119999999995,-1805.1254207424627,-0.5284162062270601,-1.5488754881429296,0.6419281972608732,0.21339049219037678,942.3815627808299,0.2758643164075299,-0.506816361030478,1.1199812734176644,0.42025024968302543,A2,19,Cerebelo,S,aseg,volume,rh,volume,False,True,46,A_sin_ansiedad,0.6935306469353064,False,24
9_superiorparietal_thickness_lh,31,"Q('9_superiorparietal_thickness_lh') ~ C(Grupo, Treatment(reference='Voluntario Sano')) + Edad + C(Genero) + N_Educacional + STAI_Rasgo + BDI",2.629443366496822,2,23,0.09366709565646661,0.06679695665254222,0.09299070092990701,0.1860967412723175,0.005092634786656085,0.36226915060701226,0.330446431144269,0.8863312741274703,0.5831862918426163,13,13,5,2.419230769230769,2.3885384615384617,2.4374000000000002,0.05688641947403816,0.6589630432521993,-1.704430202398545,2.21326357577492,0.31900289840322715,0.09350210005520293,1.0831131397005531,-0.274420588670304,1.8095196280862422,0.03140299465160842,A2,9,Parietal superior,C,DKT,thickness,lh,thickness,False,False,46,B_con_ansiedad,0.2641235876412359,False,18
9_superiorparietal_thickness_rh,31,"Q('9_superiorparietal_thickness_rh') ~ C(Grupo, Treatment(reference='Voluntario Sano')) + Edad + C(Genero) + N_Educacional + STAI_Rasgo + BDI",1.494898761294808,2,23,0.24526569560247483,0.31421828911290806,0.24487551244875513,0.11503735340727322,0.00026310221853160425,0.3533591826964351,0.31091814406897156,0.4387580463579042,0.22057794214796816,13,13,5,2.392692307692308,2.3451538461538464,2.3956,0.028701613156657868,0.35708378251455786,-2.578506898923556,2.303587977732236,0.5863064608984385,0.06473077638711179,0.8053314059823886,-0.8634195961906057,2.067925622216563,0.10184868563894424,A2,9,Parietal superior,C,DKT,thickness,rh,thickness,False,False,46,B_con_ansiedad,0.3345265473452655,False,18
9_superiorparietal_area_lh,31,"Q('9_superiorparietal_area_lh') ~ C(Grupo, Treatment(reference='Voluntario Sano')) + Edad + C(Genero) + N_Educacional + STAI_Rasgo + BDI + eTIV",4.513127079091672,2,22,0.022783827580762483,0.16000270858322924,0.021897810218978103,0.29092310377411834,0.013603426550215781,0.6710528085337726,0.1405110729010259,0.2361284881085005,0.1335328875702916,13,13,5,4289.923076923077,4538.538461538462,3837.8,499.0040876421833,1.0772844731889581,-1.4091527172686047,2.7958913297753694,0.11010507254174957,-309.17241507305016,-0.6674627534020484,-2.383091115958068,0.7723579796220595,0.17284342704807612,A2,9,Parietal superior,C,DKT,area,lh,area,False,True,46,B_con_ansiedad,0.22317768223177684,False,18
9_superiorparietal_area_rh,31,"Q('9_superiorparietal_area_rh') ~ C(Grupo, Treatment(reference='Voluntario Sano')) + Edad + C(Genero) + N_Educacional + STAI_Rasgo + BDI + eTIV",0.18415374002552606,2,22,0.8330769623821757,0.9033525582384311,0.8325167483251675,0.01646559447466123,0.0001666471419887342,0.05752464592252708,0.6775835635153014,0.036984850873807595,0.9559692296150131,13,13,5,4233.846153846154,4466.0,4211.8,139.09846867981787,0.2522749991367781,-1.3918190984278702,2.1734140945037264,0.7003680769230227,-58.474038544231576,-0.10605104544483232,-1.4638340089869513,1.3045843124118628,0.8249357215525778,A2,9,Parietal superior,C,DKT,area,rh,area,False,True,46,B_con_ansiedad,0.9513048695130487,False,18
9_superiorparietal_volume_lh,31,"Q('9_superiorparietal_volume_lh') ~ C(Grupo, Treatment(reference='Voluntario Sano')) + Edad + C(Genero) + N_Educacional + STAI_Rasgo + BDI + eTIV",3.430762588799171,2,22,0.05048210274906709,0.1833565900603762,0.049095090490950906,0.23773952122683042,0.009137099244817018,0.5647604692070582,0.1349747582709591,0.28514403034816627,0.5015578730280853,13,13,5,11002.692307692309,11439.615384615385,9777.6,1572.6935618804732,1.3174051226358188,-1.27007132264566,2.7722721656882414,0.05396308490276895,-272.71046500572083,-0.22844257285910974,-2.054066102659566,0.8676316768716225,0.634425002147944,A2,9,Parietal superior,C,DKT,volume,lh,volume,False,True,46,B_con_ansiedad,0.6827317268273173,False,24
9_superiorparietal_volume_rh,31,"Q('9_superiorparietal_volume_rh') ~ C(Grupo, Treatment(reference='Voluntario Sano')) + Edad + C(Genero) + N_Educacional + STAI_Rasgo + BDI + eTIV",0.0742630343897291,2,22,0.9286591798576191,0.9095184073669356,0.927007299270073,0.006705912091767605,1.5058176269602656e-05,0.013869889812011874,0.8817854984291948,0.002745252855573917,0.98364193851352,13,13,5,10700.76923076923,11116.461538461539,10732.8,334.7610874653185,0.24912223538111555,-1.532366965594514,1.8448959134156122,0.7039227517281591,106.98440453382409,0.07961556765806897,-1.0984951796225062,1.7069861588231499,0.8680757343592381,A2,9,Parietal superior,C,DKT,volume,rh,volume,False,True,46,B_con_ansiedad,0.9701029897010299,False,24
9_superiorparietal_LGI_lh,31,"Q('9_superiorparietal_LGI_lh') ~ C(Grupo, Treatment(reference='Voluntario Sano')) + Edad + C(Genero) + N_Educacional + STAI_Rasgo + BDI",1.158529356804026,2,23,0.3316024671625178,0.4569740438953281,0.33496650334966505,0.0915216392164316,0.0003502754660206894,0.25967056693694524,0.26672794981184905,0.27179654547013155,0.8492678474297517,13,13,5,2.7357692307692307,2.8053076923076925,2.8448,-0.08752922683011582,-0.7243858567502441,-2.1629114498159554,1.0752379717683607,0.2744011300565326,-0.08220244756349955,-0.6803017981733708,-1.7003080523237992,0.4061021599186075,0.16348593581314028,A2,9,Parietal superior,C,DKT,LGI,lh,LGI,False,False,45,B_con_ansiedad,0.6699330066993301,False,18
9_superiorparietal_LGI_rh,31,"Q('9_superiorparietal_LGI_rh') ~ C(Grupo, Treatment(reference='Voluntario Sano')) + Edad + C(Genero) + N_Educacional + STAI_Rasgo + BDI",0.10047372712552707,2,23,0.9048036182598411,0.8837769465963626,0.9081091890810918,0.008661174490709647,4.1929112827204966e-06,0.02575196950901476,0.9660982773143147,0.1214142596241129,0.18718233530080555,13,13,5,2.766153846153846,2.7750000000000004,2.7763999999999998,0.03285376602259876,0.2711611926333249,-1.5559520169331145,1.592298396648115,0.679003987465636,0.0034001392787417206,0.028063322217270974,-1.4182967502545107,1.176127538380827,0.9531619417563164,A2,9,Parietal superior,C,DKT,LGI,rh,LGI,False,False,45,B_con_ansiedad,0.9081091890810918,False,18
10_inferiorparietal_thickness_lh,31,"Q('10_inferiorparietal_thickness_lh') ~ C(Grupo, Treatment(reference='Voluntario Sano')) + Edad + C(Genero) + N_Educacional + STAI_Rasgo + BDI",2.015236808303357,2,23,0.1561539873702854,0.2974208868657122,0.1643835616438356,0.14910850892862312,0.0016578571295830713,0.411393858876746,0.6716103633393058,0.21275832618007978,0.9031223087801096,13,13,5,2.5546923076923074,2.521384615384615,2.5764,0.08075080319613825,0.7645130496970086,-1.3679471852301897,2.3232871351092674,0.24939164290487614,0.09931731664081114,0.9402926240666937,-0.845121518949581,2.225387783395054,0.05865288002659929,A2,10,Parietal inferior,C,DKT,thickness,lh,thickness,False,False,46,B_con_ansiedad,0.3287671232876712,False,18
10_inferiorparietal_thickness_rh,31,"Q('10_inferiorparietal_thickness_rh') ~ C(Grupo, Treatment(reference='Voluntario Sano')) + Edad + C(Genero) + N_Educacional + STAI_Rasgo + BDI",2.341828266549441,2,23,0.11865892564902154,0.15433989529161432,0.11738826117388261,0.16918489533703943,0.007160651853085391,0.454117909264453,0.45212532255201165,0.7069223156575443,0.5168854704980527,13,13,5,2.5544615384615383,2.5279230769230767,2.6149999999999998,0.03945267604568575,0.42937185637362363,-1.4488962981963494,1.704077792946659,0.5134892372181876,0.09239806111771699,1.005587732033605,-0.44852875071635917,2.162647984617428,0.044293895661568404,A2,10,Parietal inferior,C,DKT,thickness,rh,thickness,False,False,46,B_con_ansiedad,0.2641235876412359,False,18
10_inferiorparietal_area_lh,31,"Q('10_inferiorparietal_area_lh') ~ C(Grupo, Treatment(reference='Voluntario Sano')) + Edad + C(Genero) + N_Educacional + STAI_Rasgo + BDI + eTIV",0.07237420614076762,2,22,0.9304032791953047,0.9597512295781169,0.9284071592840716,0.006536466776983449,4.439545759793826e-05,0.010502582606895235,0.13853768406860426,0.9761635630562359,0.732307812167376,13,13,5,4513.153846153846,4792.692307692308,4863.4,-14.615540241198232,-0.031078981529953875,-1.8412175262255899,2.4698426069959605,0.9621239227994715,-79.06463209077364,-0.1681257209702909,-1.8868483276381454,1.487751094110865,0.7260559822916013,A2,10,Parietal inferior,C,DKT,area,lh,area,False,True,46,B_con_ansiedad,0.9513048695130487,False,18
10_inferiorparietal_area_rh,31,"Q('10_inferiorparietal_area_rh') ~ C(Grupo, Treatment(reference='Voluntario Sano')) + Edad + C(Genero) + N_Educacional + STAI_Rasgo + BDI + eTIV",0.21408209886787444,2,22,0.8089440645452142,0.9152448318031158,0.8069193080691931,0.019090470087559572,3.611723108515624e-05,0.05972491785039132,0.5517815920005147,0.28465126502136173,0.47085001046025254,13,13,5,5286.538461538462,5489.7692307692305,5613.4,216.8930016393232,0.4084405372675692,-1.5208487473344707,2.8709605659701456,0.5343872670342933,37.338699334691995,0.0703141101919669,-1.2164842109117067,1.5279143681533927,0.8833627133089846,A2,10,Parietal inferior,C,DKT,area,rh,area,False,True,46,B_con_ansiedad,0.9513048695130487,False,18
10_inferiorparietal_volume_lh,31,"Q('10_inferiorparietal_volume_lh') ~ C(Grupo, Treatment(reference='Voluntario Sano')) + Edad + C(Genero) + N_Educacional + STAI_Rasgo + BDI + eTIV",0.315858497950046,2,22,0.7324145240665144,0.7990567589929621,0.7216278372162783,0.027912906299355562,1.4348875358710712e-05,0.10937241082905871,0.441016734926708,0.926251398952572,0.5804813446188791,13,13,5,12114.461538461539,12624.923076923076,13272.6,167.05743148482452,0.15139985323372854,-1.2921372358284222,2.5743219894278107,0.8171588292278789,407.48308415004465,0.3692914382030828,-1.1094865841101225,1.6033782587270493,0.44398494674213285,A2,10,Parietal inferior,C,DKT,volume,lh,volume,False,True,46,B_con_ansiedad,0.9620752210493236,False,24
10_inferiorparietal_volume_rh,31,"Q('10_inferiorparietal_volume_rh') ~ C(Grupo, Treatment(reference='Voluntario Sano')) + Edad + C(Genero) + N_Educacional + STAI_Rasgo + BDI + eTIV",0.8502507710976069,2,22,0.4408761317192702,0.5285095684578454,0.44645535446455353,0.07174960155031843,0.0004204487137534389,0.27197822715259934,0.6860113939184462,0.9122413161770079,0.7452546656683235,13,13,5,14336.692307692309,14536.692307692309,15493.0,882.0439527794833,0.6166404578073842,-1.0649104490149124,2.523232342905662,0.35093859572621516,837.6472704570728,0.5856025594961369,-0.6229003087167945,1.8979289969251627,0.22945540444709772,A2,10,Parietal inferior,C,DKT,volume,rh,volume,False,True,46,B_con_ansiedad,0.9035896410358963,False,24
10_inferiorparietal_LGI_lh,31,"Q('10_inferiorparietal_LGI_lh') ~ C(Grupo, Treatment(reference='Voluntario Sano')) + Edad + C(Genero) + N_Educacional + STAI_Rasgo + BDI",0.40721271001212933,2,23,0.6702068726793456,0.7055104509938466,0.6752324767523248,0.0341988272091357,7.42242914384509e-06,0.13001913469467782,0.5966412867130022,0.601773283970081,0.5524790979783496,13,13,5,2.9436923076923076,2.989,3.0032000000000005,-0.03918582940458376,-0.30984441313311945,-1.7728496953134707,1.4987006117984378,0.6365094757117388,-0.05382875704704845,-0.4256268117927606,-1.550065118694965,0.7177601088734948,0.3771325080363767,A2,10,Parietal inferior,C,DKT,LGI,lh,LGI,False,False,45,B_con_ansiedad,0.806994300569943,False,18
10_inferiorparietal_LGI_rh,31,"Q('10_inferiorparietal_LGI_rh') ~ C(Grupo, Treatment(reference='Voluntario Sano')) + Edad + C(Genero) + N_Educacional + STAI_Rasgo + BDI",0.45883957821992416,2,23,0.6376776609342906,0.5721248883322003,0.6351364863513649,0.03836823591609902,0.00013628724777380437,0.15141956507806892,0.4991405010889234,0.5319862073660993,0.18934538074803325,13,13,5,2.9446153846153846,2.990769230769231,3.0236,-0.05041137305780563,-0.4879847324763417,-1.7146328391682388,0.9543297436725495,0.45833159798171164,-0.042870938448995755,-0.41499293038604557,-1.6858971891147543,0.5856746487912049,0.3889686207470004,A2,10,Parietal inferior,C,DKT,LGI,rh,LGI,False,False,45,B_con_ansiedad,0.806994300569943,False,18
11_lateraloccipital_thickness_lh,31,"Q('11_lateraloccipital_thickness_lh') ~ C(Grupo, Treatment(reference='Voluntario Sano')) + Edad + C(Genero) + N_Educacional + STAI_Rasgo + BDI",0.9244584520272974,2,23,0.4109928634079474,0.44505361728789733,0.4082591740825917,0.07440633775683426,0.0004229331458931974,0.2599939440544741,0.5445986006080701,0.36641277593292165,0.8089927753852211,13,13,5,2.1462307692307694,2.1357692307692306,2.2241999999999997,0.009221815575674086,0.0782776805066866,-1.327307142708563,1.6910329029499052,0.904745838787328,0.06954400118798691,0.5903114263648622,-0.6479792804119057,1.729707864636953,0.22420350852316034,A2,11,Occipital lateral,C,DKT,thickness,lh,thickness,False,False,46,B_con_ansiedad,0.4322744196168618,False,18
11_lateraloccipital_thickness_rh,31,"Q('11_lateraloccipital_thickness_rh') ~ C(Grupo, Treatment(reference='Voluntario Sano')) + Edad + C(Genero) + N_Educacional + STAI_Rasgo + BDI",4.8593541313896536,2,23,0.017366583812009485,0.07881385307453939,0.019498050194980503,0.29703826277993,0.0075903794175748475,0.5810100888698467,0.2140061115057879,0.012676274503123752,0.6201402200945801,13,13,5,2.2046153846153844,2.159923076923077,2.2880000000000003,0.04983560563343886,0.5501481775785654,-1.2779593840163936,2.443900400768499,0.40388412825077974,0.1302721077231202,1.4381075887859673,-0.6350099269654159,2.633543271423778,0.005776043633327448,A2,11,Occipital lateral,C,DKT,thickness,rh,thickness,False,False,46,B_con_ansiedad,0.20877912208779123,False,18
11_lateraloccipital_area_lh,31,"Q('11_lateraloccipital_area_lh') ~ C(Grupo, Treatment(reference='Voluntario Sano')) + Edad + C(Genero) + N_Educacional + STAI_Rasgo + BDI + eTIV",0.45440850823536066,2,22,0.6406490587854614,0.6868847002054639,0.6384361563843616,0.03967105834479844,6.062984205789619e-05,0.13480582004453034,0.19438720134876278,0.13920708573857882,0.19081173815694535,13,13,5,4904.307692307692,5069.923076923077,5332.6,-170.92882718054295,-0.4039701278067603,-1.941040051330355,1.3294431960025115,0.5388309224911776,-186.5433566402115,-0.44087322698266546,-1.6691228355512318,1.1805213197523643,0.36215738015278826,A2,11,Occipital lateral,C,DKT,area,lh,area,False,True,46,B_con_ansiedad,0.9513048695130487,False,18
11_lateraloccipital_area_rh,31,"Q('11_lateraloccipital_area_rh') ~ C(Grupo, Treatment(reference='Voluntario Sano')) + Edad + C(Genero) + N_Educacional + STAI_Rasgo + BDI + eTIV",0.1114487159275333,2,22,0.8950390610044886,0.9318920254361779,0.8938106189381062,0.010030079675189327,0.00014197985823693403,0.022557607153764377,0.5137250917706082,0.9015951715189192,0.03752360095385569,13,13,5,4951.538461538462,4850.538461538462,5202.2,-135.48188355688876,-0.22861067891381118,-1.946628486773584,1.7154906516886939,0.7272150382453046,30.203359404817434,0.05096482509496432,-1.5921969723419132,1.6455109975727555,0.9153056456765305,A2,11,Occipital lateral,C,DKT,area,rh,area,False,True,46,B_con_ansiedad,0.9513048695130487,False,18
11_lateraloccipital_volume_lh,31,"Q('11_lateraloccipital_volume_lh') ~ C(Grupo, Treatment(reference='Voluntario Sano')) + Edad + C(Genero) + N_Educacional + STAI_Rasgo + BDI + eTIV",0.47498619022464955,2,22,0.6281243789360081,0.7926776617041332,0.6282371762823717,0.04139318186101892,1.367973180045269e-05,0.1520283661383247,0.17505065308424375,0.9255060549148045,0.8034187993589127,13,13,5,11009.615384615385,11297.846153846154,12688.2,-547.2282411693748,-0.5015410024060956,-2.18727735955938,1.8070828432510144,0.44651695734752106,78.27821847191012,0.0717428911838885,-1.1774631521081893,1.4263790404884837,0.8810113274881296,A2,11,Occipital lateral,C,DKT,volume,lh,volume,False,True,46,B_con_ansiedad,0.9423557644235576,False,24
11_lateraloccipital_volume_rh,31,"Q('11_lateraloccipital_volume_rh') ~ C(Grupo, Treatment(reference='Voluntario Sano')) + Edad + C(Genero) + N_Educacional + STAI_Rasgo + BDI + eTIV",1.299688109963909,2,22,0.2927416042580239,0.5096867951710847,0.29047095290470953,0.10566837942102279,0.0006788141442571429,0.35941346172119304,0.20198420921816854,0.5563339509385016,0.2514498619352041,13,13,5,11440.923076923076,10898.153846153846,12603.6,-207.91753138098647,-0.1498600766719932,-1.9465033211286105,2.028402982846971,0.8189837432060484,850.3165357762323,0.6128800221920239,-1.13925393662556,1.8556230967560357,0.2091932511752886,A2,11,Occipital lateral,C,DKT,volume,rh,volume,False,True,46,B_con_ansiedad,0.7616838316168382,False,24
11_lateraloccipital_LGI_lh,31,"Q('11_lateraloccipital_LGI_lh') ~ C(Grupo, Treatment(reference='Voluntario Sano')) + Edad + C(Genero) + N_Educacional + STAI_Rasgo + BDI",0.8719653988211107,2,23,0.4314993558636896,0.6742687124808947,0.42845715428457154,0.07047913332381271,0.00023454623122404382,0.2878868057379421,0.4475183206879494,0.8340055555791166,0.9909059623421583,13,13,5,2.451076923076923,2.414461538461538,2.4956,-0.04662342735111402,-0.556556647011549,-2.63685342139599,1.2801637289830319,0.3985148204815915,0.01870838798448457,0.22332716145517548,-0.8747343461199755,1.4617571596405976,0.6409883969574197,A2,11,Occipital lateral,C,DKT,LGI,lh,LGI,False,False,45,B_con_ansiedad,0.701111707011117,False,18
11_lateraloccipital_LGI_rh,31,"Q('11_lateraloccipital_LGI_rh') ~ C(Grupo, Treatment(reference='Voluntario Sano')) + Edad + C(Genero) + N_Educacional + STAI_Rasgo + BDI",0.33989743025061836,2,23,0.7153586832135496,0.7856648690641773,0.7173282671732827,0.028707801925900944,7.827688211508598e-05,0.11346220547921555,0.8568056330084902,0.7102094835548463,0.7109022323660659,13,13,5,2.4256153846153845,2.452769230769231,2.455,-0.051842282118306326,-0.5204011160106117,-2.2747357953852694,0.7487778666704009,0.4294073073908586,-0.010506467302481018,-0.10546559846773093,-1.4625552881383428,1.2577420939331174,0.8253812396796864,A2,11,Occipital lateral,C,DKT,LGI,rh,LGI,False,False,45,B_con_ansiedad,0.806994300569943,False,18
12_cuneus_thickness_lh,31,"Q('12_cuneus_thickness_lh') ~ C(Grupo, Treatment(reference='Voluntario Sano')) + Edad + C(Genero) + N_Educacional + STAI_Rasgo + BDI",1.67062092619279,2,23,0.21016156176148099,0.18872817418741075,0.22317768223177684,0.1268445076017926,0.0023639674960186205,0.3556985666354369,0.3486284875244036,0.4071107427716867,0.9352598863484027,13,13,5,1.9376153846153845,1.9373076923076922,2.0268,-0.011642828578663056,-0.09876096565370943,-1.9143597876427239,1.6971890722153862,0.8800006249574045,0.08524295950357275,0.7230783257584994,-0.3774408375920955,1.6190339951894015,0.13965626563645372,A2,12,Cuneus,C,DKT,thickness,lh,thickness,False,False,46,B_con_ansiedad,0.3345265473452655,False,18
12_cuneus_thickness_rh,31,"Q('12_cuneus_thickness_rh') ~ C(Grupo, Treatment(reference='Voluntario Sano')) + Edad + C(Genero) + N_Educacional + STAI_Rasgo + BDI",2.69394429311324,2,23,0.08888726740195446,0.18386026076283882,0.08949105089491051,0.18979532661828996,0.009397752385032532,0.4639135507985345,0.13959189096456404,0.6119944274795966,0.9930168966753952,13,13,5,1.978076923076923,1.9097692307692309,2.018,0.00039712811238062917,0.0036626184905654384,-1.6831616880167488,1.772011754684382,0.9955317272928468,0.10478392594943749,0.9663973230094836,-0.18325391474660532,1.9997381687742746,0.052478210752369144,A2,12,Cuneus,C,DKT,thickness,rh,thickness,False,False,46,B_con_ansiedad,0.2641235876412359,False,18
12_cuneus_area_lh,31,"Q('12_cuneus_area_lh') ~ C(Grupo, Treatment(reference='Voluntario Sano')) + Edad + C(Genero) + N_Educacional + STAI_Rasgo + BDI + eTIV",0.555563085492788,2,22,0.5815904884573379,0.7993444740010297,0.5805419458054195,0.04807754337737632,1.5517109460071826e-05,0.17491094362156417,0.7289201642743653,0.17827357918225573,0.6711449727935753,13,13,5,2080.153846153846,2045.0,2171.6,-104.51027401145984,-0.4118305555612115,-2.137529697948654,1.7420387216140498,0.5310307680432841,52.50481004557679,0.20689913307790903,-1.047940656364884,1.7904682820091655,0.6665651269549352,A2,12,Cuneus,C,DKT,area,lh,area,False,True,46,B_con_ansiedad,0.9499777294997773,False,18
12_cuneus_area_rh,31,"Q('12_cuneus_area_rh') ~ C(Grupo, Treatment(reference='Voluntario Sano')) + Edad + C(Genero) + N_Educacional + STAI_Rasgo + BDI + eTIV",0.05130869805613095,2,22,0.950098699071919,0.9664383948274362,0.9513048695130487,0.004642771228094994,4.9174280190181265e-05,0.008848310521469845,0.920691488844998,0.3295926358602882,0.7608746010599406,13,13,5,2001.5384615384614,2023.3076923076924,1985.4,37.58309099504493,0.19477152339386544,-1.528858370811919,1.9850927001061172,0.766227779168945,4.26706033536685,0.022113717098003322,-1.431857485045698,1.748302104765558,0.963190854417374,A2,12,Cuneus,C,DKT,area,rh,area,False,True,46,B_con_ansiedad,0.9513048695130487,False,18
12_cuneus_volume_lh,31,"Q('12_cuneus_volume_lh') ~ C(Grupo, Treatment(reference='Voluntario Sano')) + Edad + C(Genero) + N_Educacional + STAI_Rasgo + BDI + eTIV",1.4890087119329107,2,22,0.2474639168370849,0.47998099825310026,0.2420757924207579,0.11922553232829465,0.0017875674005614307,0.41133957308520397,0.5282680969514711,0.037826179985452006,0.7204982490076532,13,13,5,4052.923076923077,3977.6153846153848,4388.0,-235.48867249289333,-0.41164238591855423,-2.181317283525358,1.8029566876589551,0.5312167769368575,300.54508787702264,0.5253632615960868,-0.7371835768828904,1.7290230848358434,0.27942772657747766,A2,12,Cuneus,C,DKT,volume,lh,volume,False,True,46,B_con_ansiedad,0.7454254574542546,False,24
12_cuneus_volume_rh,31,"Q('12_cuneus_volume_rh') ~ C(Grupo, Treatment(reference='Voluntario Sano')) + Edad + C(Genero) + N_Educacional + STAI_Rasgo + BDI + eTIV",1.466360714990164,2,22,0.2524544072745739,0.3764508747670985,0.24847515248475152,0.11762540395826505,0.0017392426279547097,0.35449203604838175,0.6083016609105623,0.5293305059293252,0.16713252121435898,13,13,5,4038.230769230769,3884.3076923076924,4116.2,33.98103649993868,0.0787322541714215,-2.1501978178594108,2.2378338586176225,0.9042571337840526,319.1225809226163,0.7393900463596745,-0.8089014165040569,2.015641271332322,0.13285999064668566,A2,12,Cuneus,C,DKT,volume,rh,volume,False,True,46,B_con_ansiedad,0.7454254574542546,False,24
12_cuneus_LGI_lh,31,"Q('12_cuneus_LGI_lh') ~ C(Grupo, Treatment(reference='Voluntario Sano')) + Edad + C(Genero) + N_Educacional + STAI_Rasgo + BDI",3.4856590007864696,2,23,0.04761600281517273,0.20497065564358774,0.0466953304669533,0.2325996474765332,0.007064080955310808,0.538979847232566,0.1171726606738671,0.14137368653385934,0.7455171894703598,13,13,5,2.7016153846153848,2.7394615384615384,2.9463999999999997,-0.28273221306850893,-1.6780702542943273,-3.2490255451893137,0.8148299174146847,0.01623286598141198,-0.0636151010682256,-0.37756790309793914,-1.3571186839619558,0.8434760975020179,0.4325132624275048,A2,12,Cuneus,C,DKT,LGI,lh,LGI,False,False,45,B_con_ansiedad,0.28017198280171984,False,18
12_cuneus_LGI_rh,31,"Q('12_cuneus_LGI_rh') ~ C(Grupo, Treatment(reference='Voluntario Sano')) + Edad + C(Genero) + N_Educacional + STAI_Rasgo + BDI",0.17106370333744209,2,23,0.8438302872985848,0.9020670996126823,0.8427157284271573,0.01465707905343066,4.3579511411721216e-05,0.05652611282044365,0.7931842396497105,0.35487208674854287,0.35207842301554065,13,13,5,2.8663076923076924,2.898230769230769,2.9128,-0.03166221941135339,-0.18645968232033278,-1.6486783035085868,1.278694707884651,0.775764604459053,-0.0469309678113187,-0.27637776225966093,-1.7178844276921457,1.0304821627234797,0.5643748524750254,A2,12,Cuneus,C,DKT,LGI,rh,LGI,False,False,45,B_con_ansiedad,0.8922872418640488,False,18
13_middletemporal_thickness_lh,31,"Q('13_middletemporal_thickness_lh') ~ C(Grupo, Treatment(reference='Voluntario Sano')) + Edad + C(Genero) + N_Educacional + STAI_Rasgo + BDI",1.4015185797685565,2,23,0.26647446210465114,0.36986587567285845,0.2682731726827317,0.1086320630477051,0.0011539003839470896,0.35795860745742825,0.18253311374691167,0.5637948892390681,0.802014964486584,13,13,5,2.757153846153846,2.734769230769231,2.8404,0.03629618723656225,0.32650389058274215,-1.1813902263686258,2.0908734002500764,0.6185834865725848,0.08639030814166014,0.7771276782614909,-0.6766499418422035,2.038432371389538,0.11370210983573369,A2,13,Temporal medio,C,DKT,thickness,lh,thickness,False,False,46,B_con_ansiedad,0.3345265473452655,False,18
13_middletemporal_thickness_rh,31,"Q('13_middletemporal_thickness_rh') ~ C(Grupo, Treatment(reference='Voluntario Sano')) + Edad + C(Genero) + N_Educacional + STAI_Rasgo + BDI",2.4584986296412987,2,23,0.10774075610841614,0.12379283790318867,0.10548945105489452,0.17612915936536339,0.011935592555220491,0.45063057343357416,0.5360497436966718,0.037880675608538486,0.8420489523960001,13,13,5,2.840692307692308,2.807769230769231,2.886,0.09607045326001673,0.9856182816260338,-0.9890168412036416,2.1890565416183274,0.14126993881233596,0.0986598071184775,1.012183311912614,-0.4203395931954992,2.209807265670615,0.04303523016896281,A2,13,Temporal medio,C,DKT,thickness,rh,thickness,False,False,46,B_con_ansiedad,0.2641235876412359,False,18
13_middletemporal_area_lh,31,"Q('13_middletemporal_area_lh') ~ C(Grupo, Treatment(reference='Voluntario Sano')) + Edad + C(Genero) + N_Educacional + STAI_Rasgo + BDI + eTIV",2.1819495507050815,2,22,0.13662917298721902,0.3343017064797447,0.134986501349865,0.16552555768113775,0.0017757521054744577,0.5160067594966521,0.3338430297630389,0.9766702701874413,0.8925655723172472,13,13,5,4173.0,4296.307692307692,4657.2,-282.6697029132529,-1.2440494405226805,-3.259304512623192,1.847826708596304,0.06756361986773513,-175.73584638930637,-0.7734259424593827,-2.545644024850622,1.2637784900815798,0.11679236415076234,A2,13,Temporal medio,C,DKT,area,lh,area,False,True,46,B_con_ansiedad,0.485951404859514,False,18
13_middletemporal_area_rh,31,"Q('13_middletemporal_area_rh') ~ C(Grupo, Treatment(reference='Voluntario Sano')) + Edad + C(Genero) + N_Educacional + STAI_Rasgo + BDI + eTIV",0.2090383170584893,2,22,0.812957131837955,0.8734427287696089,0.8065193480651934,0.018649085777534016,9.742947925499923e-06,0.0604385505944357,0.41228427338297646,0.35792395634618723,0.9453921122015715,13,13,5,4115.384615384615,4227.615384615385,4508.2,-85.49752858368049,-0.2904337930144981,-2.0372599779789415,1.8640455477880797,0.6579210840213315,-86.85947068135638,-0.2950602894272802,-1.8159126609307938,1.3798075216683485,0.539805451747223,A2,13,Temporal medio,C,DKT,area,rh,area,False,True,46,B_con_ansiedad,0.9513048695130487,False,18
13_middletemporal_volume_lh,31,"Q('13_middletemporal_volume_lh') ~ C(Grupo, Treatment(reference='Voluntario Sano')) + Edad + C(Genero) + N_Educacional + STAI_Rasgo + BDI + eTIV",1.2132092221534758,2,22,0.3163674324980364,0.49208060583886126,0.3173682631736826,0.09933582566921412,0.0008967179746705386,0.32658870000478374,0.1911584515745494,0.7327294998158523,0.9275481812950656,13,13,5,12744.307692307691,12994.076923076924,14856.8,-910.5012453766267,-0.9275202630724255,-2.601458714179658,1.580679305457233,0.16578268149390837,-67.45983877011486,-0.06872079277277458,-1.504661143637653,1.230640125584289,0.8859861772108228,A2,13,Temporal medio,C,DKT,volume,lh,volume,False,True,46,B_con_ansiedad,0.7616838316168382,False,24
13_middletemporal_volume_rh,31,"Q('13_middletemporal_volume_rh') ~ C(Grupo, Treatment(reference='Voluntario Sano')) + Edad + C(Genero) + N_Educacional + STAI_Rasgo + BDI + eTIV",0.16828901027361282,2,22,0.8461872023739792,0.8762785642855179,0.8418158184181582,0.01506846842151069,2.087506458290226e-05,0.053488612523564044,0.2861084256784313,0.5096778806312561,0.6476552118126283,13,13,5,12980.076923076924,13173.615384615385,14540.6,98.93382680285595,0.09393678629327112,-1.622592100238043,1.9552170245440432,0.885891937937477,281.00468988056593,0.266811447143533,-1.525792486982514,1.490305799230573,0.5789993442225078,A2,13,Temporal medio,C,DKT,volume,rh,volume,False,True,46,B_con_ansiedad,0.9620752210493236,False,24
13_middletemporal_LGI_lh,31,"Q('13_middletemporal_LGI_lh') ~ C(Grupo, Treatment(reference='Voluntario Sano')) + Edad + C(Genero) + N_Educacional + STAI_Rasgo + BDI",0.5296633815691859,2,23,0.595813312285422,0.7174726427495907,0.5984401559844016,0.04402977579411661,0.00012771448520333697,0.169532801170458,0.09120144103067467,0.6401325855377857,0.24345551214246525,13,13,5,3.012076923076923,3.127923076923077,3.128,0.004133091999680261,0.02890863486397927,-1.337859348070423,1.6366094246656822,0.9647444733398135,-0.05969114280691967,-0.4175056960146003,-1.754977236279951,1.1709781991778934,0.386150218005345,A2,13,Temporal medio,C,DKT,LGI,lh,LGI,False,False,45,B_con_ansiedad,0.806994300569943,False,18
13_middletemporal_LGI_rh,31,"Q('13_middletemporal_LGI_rh') ~ C(Grupo, Treatment(reference='Voluntario Sano')) + Edad + C(Genero) + N_Educacional + STAI_Rasgo + BDI",2.2196525866859735,2,23,0.13139515486500994,0.3498185612258173,0.1372862713728627,0.16178635520552478,0.0018008267651882907,0.4372370120438471,0.03486325606942562,0.15420478113011032,0.315024854931321,13,13,5,2.9504615384615387,3.110307692307692,3.038,0.017774465392816796,0.1393281359318096,-2.0354363111710216,2.1365192678347444,0.8313837159745037,-0.10500363073341225,-0.8230886168914434,-1.9426922983180452,0.5892183400089606,0.09493685527525594,A2,13,Temporal medio,C,DKT,LGI,rh,LGI,False,False,45,B_con_ansiedad,0.4118588141185881,False,18
14_comp_thickness_lh,31,"Q('14_comp_thickness_lh') ~ C(Grupo, Treatment(reference='Voluntario Sano')) + Edad + C(Genero) + N_Educacional + STAI_Rasgo + BDI",1.521781681840604,2,23,0.23950547777441314,0.14707887777040834,0.24017598240175983,0.11686432156690121,0.0009317827015511939,0.294480098850769,0.16349380996817783,0.22167697156804128,0.7352605478822086,13,13,5,2.6143589104795493,2.544365617910991,2.6555848352391536,0.020636331684087628,0.16543901584549214,-1.7560065262780553,2.260689275819081,0.8004389502384788,0.0966705181721075,0.7749960425378922,-0.8500928266716445,1.7147334267880192,0.11464331196866259,A2,14,Cingulada anterior,C,DKT,thickness,lh,thickness,True,False,46,B_con_ansiedad,0.3345265473452655,False,18
14_comp_thickness_rh,31,"Q('14_comp_thickness_rh') ~ C(Grupo, Treatment(reference='Voluntario Sano')) + Edad + C(Genero) + N_Educacional + STAI_Rasgo + BDI",1.3592124097670524,2,23,0.27673233522257945,0.2380704737588502,0.27877212278772123,0.10569950681697113,0.00017171949351470054,0.2608477763064745,0.3603802577383589,0.9986010480183559,0.8915666359448307,13,13,5,2.46046443775874,2.4743529149955426,2.550367641483073,-0.06682291886005798,-0.5332130282574843,-2.1112613498100257,1.4286421461003231,0.4182940220686205,0.051204201722261256,0.4085835806875187,-0.723210569275584,1.6339480127056742,0.3962178358745307,A2,14,Cingulada anterior,C,DKT,thickness,rh,thickness,True,False,46,B_con_ansiedad,0.3345265473452655,False,18
14_comp_area_lh,31,"Q('14_comp_area_lh') ~ C(Grupo, Treatment(reference='Voluntario Sano')) + Edad + C(Genero) + N_Educacional + STAI_Rasgo + BDI + eTIV",4.390034086392953,2,22,0.024870478313725686,0.2167369551808384,0.024797520247975203,0.2852517454964175,0.003400854962084964,0.6305979665424081,0.3516350994653794,0.7120931892717153,0.5631012046613203,13,13,5,2232.6923076923076,2391.076923076923,2366.4,-25.552029489879317,-0.14705856448850368,-2.53182127345726,1.4490387701994067,0.8223067264772818,-222.8562915826366,-1.2825958243494784,-2.622613480361662,0.8746816354104537,0.012864980231263992,A2,14,Cingulada anterior,C,DKT,area,lh,area,True,True,46,B_con_ansiedad,0.22317768223177684,False,18
14_comp_area_rh,31,"Q('14_comp_area_rh') ~ C(Grupo, Treatment(reference='Voluntario Sano')) + Edad + C(Genero) + N_Educacional + STAI_Rasgo + BDI + eTIV",1.1908382358476264,2,22,0.3228124553245844,0.626727154032471,0.3220677932206779,0.09768304794217686,6.0466900481884025e-05,0.41302896616512746,0.27458516901347885,0.5482725942470532,0.2153813440678147,13,13,5,1654.4615384615386,1803.2307692307693,1919.4,-116.73582535909657,-0.509098029923052,-2.4513091355755154,2.294008390892473,0.43978955215138116,-167.51368037527544,-0.7305459519549891,-2.6823362192254665,1.324991226628614,0.13732277117642014,A2,14,Cingulada anterior,C,DKT,area,rh,area,True,True,46,B_con_ansiedad,0.8281743254246003,False,18
14_comp_volume_lh,31,"Q('14_comp_volume_lh') ~ C(Grupo, Treatment(reference='Voluntario Sano')) + Edad + C(Genero) + N_Educacional + STAI_Rasgo + BDI + eTIV",1.6376292273200657,2,22,0.21726903316109517,0.4897131450779018,0.22507749225077492,0.12958357915579877,0.0010915931822793536,0.44302520067670803,0.4764277442217951,0.0822808702294125,0.8931688373664673,13,13,5,5983.307692307692,6304.615384615385,6472.0,-78.68688770497306,-0.1438621781823244,-1.6000845515406692,1.1176257433754062,0.8261022495774756,-436.84640321927554,-0.7986804019225057,-2.0467383840081994,1.141038777806132,0.1059525983925219,A2,14,Cingulada anterior,C,DKT,volume,lh,volume,True,True,46,B_con_ansiedad,0.7454254574542546,False,24
14_comp_volume_rh,31,"Q('14_comp_volume_rh') ~ C(Grupo, Treatment(reference='Voluntario Sano')) + Edad + C(Genero) + N_Educacional + STAI_Rasgo + BDI + eTIV",0.6013026227541824,2,22,0.5568589766754573,0.7395546871214714,0.5647435256474352,0.05183061267403018,6.097601367157356e-05,0.30815013483927467,0.12436265435767661,0.14107820024798384,0.08494554317887809,13,13,5,4411.461538461538,4810.692307692308,5350.0,-432.7530757804467,-0.626638827977871,-2.813214265368329,2.6496480282583583,0.3433399292617082,-298.69523970982186,-0.43251924806490116,-2.7823977917232425,1.7779632392516818,0.3711541749990836,A2,14,Cingulada anterior,C,DKT,volume,rh,volume,True,True,46,B_con_ansiedad,0.9035896410358963,False,24
14_comp_LGI_lh,31,"Q('14_comp_LGI_lh') ~ C(Grupo, Treatment(reference='Voluntario Sano')) + Edad + C(Genero) + N_Educacional + STAI_Rasgo + BDI",1.840728487781636,2,23,0.18132612953335042,0.3086128021232013,0.18118188181181882,0.13797810887670062,0.0020505084977076203,0.4074744398754627,0.4689504977958757,0.6935854536322489,0.4075706112949457,13,13,5,1.8289266445846672,1.8672762004407064,1.8536801839797632,0.001586368643267222,0.02456737825624659,-1.4735078927694423,1.3583955549256466,0.9700359634953433,-0.050953714077688714,-0.7890972710662382,-1.9447619463138741,0.7367391282905136,0.10853681285262365,A2,14,Cingulada anterior,C,DKT,LGI,lh,LGI,True,False,45,B_con_ansiedad,0.4658962675161055,False,18
14_comp_LGI_rh,31,"Q('14_comp_LGI_rh') ~ C(Grupo, Treatment(reference='Voluntario Sano')) + Edad + C(Genero) + N_Educacional + STAI_Rasgo + BDI",2.5956997829765016,2,23,0.09627838318655813,0.2629009199222255,0.0927907209279072,0.18414834473924813,0.005270753810052898,0.45070897392024545,0.4572302259644333,0.37790603382260934,0.35263189840032233,13,13,5,1.8892139282249063,1.9481368051582846,1.9223578457707604,0.015405208038521467,0.21923496959936412,-1.471747639997824,1.8413153163822595,0.737778428493836,-0.06047970735367529,-0.860700275511113,-2.236324083214867,0.850019192620666,0.08161127875351208,A2,14,Cingulada anterior,C,DKT,LGI,rh,LGI,True,False,45,B_con_ansiedad,0.33404659534046593,False,18
15_rostralmiddlefrontal_thickness_lh,31,"Q('15_rostralmiddlefrontal_thickness_lh') ~ C(Grupo, Treatment(reference='Voluntario Sano')) + Edad + C(Genero) + N_Educacional + STAI_Rasgo + BDI",4.624822026661707,2,23,0.02050375812081226,0.010558914008116944,0.0231976802319768,0.2868138339148649,0.0531858145618477,0.5335368164567957,0.01969471962133624,0.6519218492095712,0.535836616782753,13,13,5,2.480384615384615,2.3993076923076924,2.5,0.060660449747817924,0.7786292428826721,-1.9740514104027027,2.624668236444588,0.2410095222354838,0.11153960240512482,1.4317070930596043,0.12616366925879535,2.3540050087065345,0.005963298850653384,A2,15,Prefrontal dorsolateral,C,DKT,thickness,lh,thickness,False,False,46,B_con_ansiedad,0.20877912208779123,False,18
15_rostralmiddlefrontal_thickness_rh,31,"Q('15_rostralmiddlefrontal_thickness_rh') ~ C(Grupo, Treatment(reference='Voluntario Sano')) + Edad + C(Genero) + N_Educacional + STAI_Rasgo + BDI",2.7697177588315904,2,23,0.08360808117546123,0.11877227541874513,0.08209179082091791,0.19409758522500556,0.010155880703633883,0.532176944287707,0.12826519036471415,0.6000954476131187,0.6203555930487317,13,13,5,2.4296923076923074,2.377846153846154,2.4783999999999997,0.052780633283348144,0.6184549436653036,-1.4893240017887706,1.9809807690111112,0.34903564808754,0.0946458733289561,1.109009206910749,-0.552401528144674,2.522142476777202,0.027927962640618,A2,15,Prefrontal dorsolateral,C,DKT,thickness,rh,thickness,False,False,46,B_con_ansiedad,0.2641235876412359,False,18
15_rostralmiddlefrontal_area_lh,31,"Q('15_rostralmiddlefrontal_area_lh') ~ C(Grupo, Treatment(reference='Voluntario Sano')) + Edad + C(Genero) + N_Educacional + STAI_Rasgo + BDI + eTIV",0.9929402287362842,2,22,0.38648903338531665,0.38487542306398353,0.38066193380661933,0.08279372779304779,0.0009483099296782522,0.3105315901957715,0.3534064470182935,0.761426197257471,0.49574085989136263,13,13,5,3859.6923076923076,4001.6153846153848,4224.4,-163.8891850823486,-0.4200032433478318,-1.992015951467601,1.2253988947110512,0.5229861470920326,-260.47247991683736,-0.6675198629668904,-1.8639992049853393,0.43056501375452183,0.17280821525059836,A2,15,Prefrontal dorsolateral,C,DKT,area,lh,area,False,True,46,B_con_ansiedad,0.8353164683531646,False,18
15_rostralmiddlefrontal_area_rh,31,"Q('15_rostralmiddlefrontal_area_rh') ~ C(Grupo, Treatment(reference='Voluntario Sano')) + Edad + C(Genero) + N_Educacional + STAI_Rasgo + BDI + eTIV",0.7534531974674761,2,22,0.4825021263011199,0.5393618116270127,0.48265173482651735,0.06410483666449815,0.00017734321235990386,0.25996021357374366,0.44641527332814845,0.6254472172024474,0.21617343279598544,13,13,5,4119.384615384615,4220.384615384615,5014.2,-497.66788550733645,-0.7911337407505875,-3.1664964216746707,1.0834400360644998,0.23438447879946142,-201.84500284477656,-0.32086939262639447,-1.842541399213925,0.579852953099572,0.5052767919212962,A2,15,Prefrontal dorsolateral,C,DKT,area,rh,area,False,True,46,B_con_ansiedad,0.8687731226877312,False,18
15_rostralmiddlefrontal_volume_lh,31,"Q('15_rostralmiddlefrontal_volume_lh') ~ C(Grupo, Treatment(reference='Voluntario Sano')) + Edad + C(Genero) + N_Educacional + STAI_Rasgo + BDI + eTIV",0.033453267816320666,2,22,0.9671492021584914,0.9657072974276778,0.9701029897010299,0.0030319852728158195,2.4210636881868173e-05,0.003779069172465629,0.4635706279122579,0.9504017629895748,0.8826808041009457,13,13,5,10291.461538461539,10378.76923076923,11375.8,-85.07321779001427,-0.07097133161830373,-1.8777071509784007,1.5400699296465994,0.9136532050132111,-146.64780877951577,-0.12233921013400591,-1.4129540594410368,0.8851619503342921,0.7986247365643271,A2,15,Prefrontal dorsolateral,C,DKT,volume,lh,volume,False,True,46,B_con_ansiedad,0.9701029897010299,False,24
15_rostralmiddlefrontal_volume_rh,31,"Q('15_rostralmiddlefrontal_volume_rh') ~ C(Grupo, Treatment(reference='Voluntario Sano')) + Edad + C(Genero) + N_Educacional + STAI_Rasgo + BDI + eTIV",0.5960704089788865,2,22,0.5596290581835907,0.7940780143578975,0.5483451654834517,0.051402793183917425,0.0001716497740750519,0.23528614155754984,0.2117613628289543,0.34256965614397233,0.15334400130886547,13,13,5,10753.307692307691,10739.153846153846,13320.0,-1046.8688592051167,-0.6188485984314622,-3.2051413317751174,1.1739550746674192,0.3492506915591942,7.0286008748564655,0.004154904181256989,-1.4308760751268526,0.9264753548527186,0.9930814668065434,A2,15,Prefrontal dorsolateral,C,DKT,volume,rh,volume,False,True,46,B_con_ansiedad,0.9035896410358963,False,24
15_rostralmiddlefrontal_LGI_lh,31,"Q('15_rostralmiddlefrontal_LGI_lh') ~ C(Grupo, Treatment(reference='Voluntario Sano')) + Edad + C(Genero) + N_Educacional + STAI_Rasgo + BDI",0.43924248689055984,2,23,0.6498188068489027,0.7499718938975379,0.6571342865713429,0.03678981203144619,5.1763187638663524e-05,0.12518446282310003,0.11355305209498827,0.5479994196538869,0.9761651615468109,13,13,5,2.579384615384615,2.6637692307692307,2.6795999999999998,-0.042658263901730886,-0.372275258657237,-1.6722034280665257,1.6959022135129491,0.5705869611132154,-0.0500625889631344,-0.4368922115122829,-1.5826219031088253,1.1213015723781758,0.36485452010786235,A2,15,Prefrontal dorsolateral,C,DKT,LGI,lh,LGI,False,False,45,B_con_ansiedad,0.806994300569943,False,18
15_rostralmiddlefrontal_LGI_rh,31,"Q('15_rostralmiddlefrontal_LGI_rh') ~ C(Grupo, Treatment(reference='Voluntario Sano')) + Edad + C(Genero) + N_Educacional + STAI_Rasgo + BDI",0.996172308369001,2,23,0.3846711416580252,0.4106839077729553,0.3862613738626137,0.07971819560313195,0.00016081905339866313,0.24846454317096575,0.05276412473639827,0.5804364282080705,0.3047242860203781,13,13,5,2.6143846153846155,2.6936153846153847,2.7674,-0.09354670230382517,-0.8731225705814453,-2.2136342373289124,0.6625692796060941,0.19027988716512115,-0.050901851305630144,-0.4750948367477511,-2.0424822087677748,0.7144425664921626,0.32522354154963706,A2,15,Prefrontal dorsolateral,C,DKT,LGI,rh,LGI,False,False,45,B_con_ansiedad,0.6952704729527047,False,18
16a_precentral_thickness_lh,31,"Q('16a_precentral_thickness_lh') ~ C(Grupo, Treatment(reference='Voluntario Sano')) + Edad + C(Genero) + N_Educacional + STAI_Rasgo + BDI",1.5138410321677271,2,23,0.24119146975251085,0.2092012580303016,0.2435756424357564,0.11632545905746056,0.0014695275810216852,0.3177817440098511,0.2993190984974488,0.9168081663200153,0.9437183081225125,13,13,5,2.7640000000000002,2.7064615384615385,2.6656,0.14032358068066308,0.927362919433166,-0.9464862113480504,2.243260565903786,0.16518748381278778,0.11078557222498832,0.7321537206454469,-0.750173608455066,1.765564289310958,0.1349852142374371,A2,16a,Precentral,C,DKT,thickness,lh,thickness,False,False,46,B_con_ansiedad,0.3345265473452655,False,18
16a_precentral_thickness_rh,31,"Q('16a_precentral_thickness_rh') ~ C(Grupo, Treatment(reference='Voluntario Sano')) + Edad + C(Genero) + N_Educacional + STAI_Rasgo + BDI",0.9698918409255566,2,23,0.39409803393478426,0.3234492123270952,0.39606039396060394,0.07777868912562821,0.0007811321468027718,0.23926276183800127,0.658533567489622,0.9508693004289015,0.688823368818767,13,13,5,2.6968461538461534,2.685769230769231,2.602,0.13756306803622742,0.7967585686748416,-0.7747501490161459,2.250016268602928,0.23055702492328584,0.0944607284018946,0.5471119235117382,-0.6119698644673941,1.7877125684328157,0.25888361693784634,A2,16a,Precentral,C,DKT,thickness,rh,thickness,False,False,46,B_con_ansiedad,0.4322744196168618,False,18
16a_precentral_area_lh,31,"Q('16a_precentral_area_lh') ~ C(Grupo, Treatment(reference='Voluntario Sano')) + Edad + C(Genero) + N_Educacional + STAI_Rasgo + BDI + eTIV",3.127301219025149,2,22,0.06377761575809449,0.29012729856672276,0.064993500649935,0.22136579170646065,0.005279262799162325,0.5125523409272951,0.15264312393520538,0.6696603487300474,0.11790795157820465,13,13,5,4502.538461538462,4700.692307692308,5399.2,-713.0385771351414,-1.4699638830422352,-2.8284002359144504,1.2686337196164494,0.033226217916363834,-36.7309513326727,-0.07572265173329838,-0.8598043932961837,1.1145024804610966,0.8744677011712618,A2,16a,Precentral,C,DKT,area,lh,area,False,True,46,B_con_ansiedad,0.29247075292470753,False,18
16a_precentral_area_rh,31,"Q('16a_precentral_area_rh') ~ C(Grupo, Treatment(reference='Voluntario Sano')) + Edad + C(Genero) + N_Educacional + STAI_Rasgo + BDI + eTIV",0.9054105873786971,2,22,0.41892027687424194,0.6648202831221447,0.4176582341765823,0.07605034540669697,0.00024061177938483657,0.24397428344647212,0.7570833607883015,0.7823166167584861,0.6160675963981542,13,13,5,4455.538461538462,4560.2307692307695,4392.0,159.190716254172,0.45637117033757674,-1.0009040281929797,2.59544809234966,0.4880143050089062,-111.2186149900183,-0.3188437785861698,-1.2063507178730313,1.2258613271977217,0.5079411253185017,A2,16a,Precentral,C,DKT,area,rh,area,False,True,46,B_con_ansiedad,0.8353164683531646,False,18
16a_precentral_volume_lh,31,"Q('16a_precentral_volume_lh') ~ C(Grupo, Treatment(reference='Voluntario Sano')) + Edad + C(Genero) + N_Educacional + STAI_Rasgo + BDI + eTIV",2.6979373585116657,2,22,0.08955969433626472,0.261781449761256,0.08649135086491351,0.19695938796472984,0.005420157739714707,0.4799479902727983,0.18520530312780548,0.5614807178138858,0.7552858701005257,13,13,5,13130.692307692309,13384.153846153846,14963.4,-920.5815935398787,-0.8405445210506348,-2.135851474062264,1.0993328439090624,0.207376157696243,558.700608449456,0.5101261405130442,-0.6077656397022521,2.046013624136208,0.29324206392697777,A2,16a,Precentral,C,DKT,volume,lh,volume,False,True,46,B_con_ansiedad,0.6827317268273173,False,24
16a_precentral_volume_rh,31,"Q('16a_precentral_volume_rh') ~ C(Grupo, Treatment(reference='Voluntario Sano')) + Edad + C(Genero) + N_Educacional + STAI_Rasgo + BDI + eTIV",0.7181484653657557,2,22,0.49873584152880635,0.6626467831064636,0.49875012498750126,0.06128514820309032,9.059574710059091e-05,0.25051761354294166,0.6060417192637393,0.16125805743418858,0.2964632540591499,13,13,5,12725.846153846154,12977.692307692309,12251.0,1077.0194781924565,0.762113132845372,-1.2288283362618506,2.7633411678593656,0.2514457709664447,244.44199324549822,0.17297036594356247,-0.6625950687134258,2.0781102566489587,0.7185157551024705,A2,16a,Precentral,C,DKT,volume,rh,volume,False,True,46,B_con_ansiedad,0.9035896410358963,False,24
16a_precentral_LGI_lh,31,"Q('16a_precentral_LGI_lh') ~ C(Grupo, Treatment(reference='Voluntario Sano')) + Edad + C(Genero) + N_Educacional + STAI_Rasgo + BDI",3.7849986981093684,2,23,0.03792913987457869,0.05629720936026464,0.03899610038996101,0.24762832976737786,0.009690443574432207,0.4524106506869629,0.008509447608809343,0.9819416719241446,0.6839291331995084,13,13,5,3.1772307692307695,3.374153846153846,3.3512,-0.09791652885945579,-0.7180039789675009,-2.623360925736034,1.1881434265530884,0.2785417267630802,-0.17675629991180736,-1.2961215856253747,-2.1557838484653704,0.11744505357729432,0.0116003605050639,A2,16a,Precentral,C,DKT,LGI,lh,LGI,False,False,45,B_con_ansiedad,0.28017198280171984,False,18
16a_precentral_LGI_rh,31,"Q('16a_precentral_LGI_rh') ~ C(Grupo, Treatment(reference='Voluntario Sano')) + Edad + C(Genero) + N_Educacional + STAI_Rasgo + BDI",1.5197159520489514,2,23,0.2399428458516974,0.2924758460118791,0.24087591240875914,0.11672420179103747,0.0026919137039764294,0.3608109180776498,0.46357062791225456,0.6565977677074848,0.873649664518695,13,13,5,3.1946923076923075,3.2891538461538463,3.2456000000000005,0.01926243253224591,0.1454349268619138,-1.7040743882111933,1.9430319491708166,0.8241193380910888,-0.08851914611836051,-0.6683359186360145,-1.809496765074872,0.4905621574624984,0.1707082082500126,A2,16a,Precentral,C,DKT,LGI,rh,LGI,False,False,45,B_con_ansiedad,0.5419708029197081,False,18
16b_postcentral_thickness_lh,31,"Q('16b_postcentral_thickness_lh') ~ C(Grupo, Treatment(reference='Voluntario Sano')) + Edad + C(Genero) + N_Educacional + STAI_Rasgo + BDI",2.589398822360014,2,23,0.09677470212141338,0.2504057028741053,0.0999900009999,0.18378348537132844,0.009826258775824171,0.525482800371997,0.16234166699164992,0.6649205086088094,0.4387942859515002,13,13,5,2.3497692307692306,2.2988461538461538,2.4616,-0.03333834996276108,-0.28096625491763544,-2.000918865688392,1.6036283060174645,0.6681221778467874,0.0986340224487936,0.8312598531677403,-0.15962595585602402,2.0710909429714097,0.0918932761742126,A2,16b,Postcentral,C,DKT,thickness,lh,thickness,False,False,46,B_con_ansiedad,0.2641235876412359,False,18
16b_postcentral_thickness_rh,31,"Q('16b_postcentral_thickness_rh') ~ C(Grupo, Treatment(reference='Voluntario Sano')) + Edad + C(Genero) + N_Educacional + STAI_Rasgo + BDI",0.401736354331436,2,23,0.6737618547903592,0.49211293191074645,0.6879312068793121,0.03375443232576991,4.956065537303871e-05,0.11277771952907646,0.4764277442217951,0.19316578012860702,0.28183635370192733,13,13,5,2.3482307692307693,2.298923076923077,2.4050000000000002,-0.005946321098020568,-0.04498929841696177,-2.0249199206586,1.4538464255452523,0.9451603692691021,0.04704735628631919,0.3559558114678547,-0.4896408029185401,1.10491353633667,0.45898012907040886,A2,16b,Postcentral,C,DKT,thickness,rh,thickness,False,False,46,B_con_ansiedad,0.6879312068793121,False,18
16b_postcentral_area_lh,31,"Q('16b_postcentral_area_lh') ~ C(Grupo, Treatment(reference='Voluntario Sano')) + Edad + C(Genero) + N_Educacional + STAI_Rasgo + BDI + eTIV",1.873097096166137,2,22,0.17733972970507764,0.3933929821484349,0.17538246175382463,0.1455047749716719,0.003468708128026992,0.44708453973352186,0.29485369297820024,0.6105646812317362,0.3778412434556563,13,13,5,4318.692307692308,4617.076923076923,4346.8,37.30620334468347,0.1011099965649622,-1.8309238281941207,2.580193153045305,0.877249633140762,-283.7043776470376,-0.7689163216187925,-2.178331460154715,0.4024895557762509,0.11882292930306804,A2,16b,Postcentral,C,DKT,area,lh,area,False,True,46,B_con_ansiedad,0.526147385261474,False,18
16b_postcentral_area_rh,31,"Q('16b_postcentral_area_rh') ~ C(Grupo, Treatment(reference='Voluntario Sano')) + Edad + C(Genero) + N_Educacional + STAI_Rasgo + BDI + eTIV",3.498785967305575,2,22,0.04793707267852462,0.047995096445454674,0.0496950304969503,0.2413157884525819,0.021853762782699022,0.537429422963166,0.04867846175777077,0.09105510802423938,0.821028693271428,13,13,5,4016.5384615384614,4381.538461538462,3783.4,263.40501684028595,0.5788903492797818,-1.1130222829684395,2.2416286341857,0.3806481077271338,-380.4592119643129,-0.836142639736719,-1.57298469119032,0.5905613713967959,0.09145164324261158,A2,16b,Postcentral,C,DKT,area,rh,area,False,True,46,B_con_ansiedad,0.29247075292470753,False,18
16b_postcentral_volume_lh,31,"Q('16b_postcentral_volume_lh') ~ C(Grupo, Treatment(reference='Voluntario Sano')) + Edad + C(Genero) + N_Educacional + STAI_Rasgo + BDI + eTIV",0.2059664339748578,2,22,0.8154119031615251,0.8543312063513929,0.8162183781621838,0.018380068795351517,3.815666831546578e-05,0.06659057873391754,0.1933769001446335,0.5962174506318482,0.9543483389322583,13,13,5,10868.692307692309,11455.538461538461,11443.2,-11.728558851973048,-0.011773581627708217,-1.5964276290086041,2.121864390503456,0.9856465496866805,-270.4681671669783,-0.27150642154993787,-1.7645304604091456,0.9186339025760305,0.5723871752507723,A2,16b,Postcentral,C,DKT,volume,lh,volume,False,True,46,B_con_ansiedad,0.9620752210493236,False,24
16b_postcentral_volume_rh,31,"Q('16b_postcentral_volume_rh') ~ C(Grupo, Treatment(reference='Voluntario Sano')) + Edad + C(Genero) + N_Educacional + STAI_Rasgo + BDI + eTIV",2.9668823078650286,2,22,0.07231448996023285,0.1118748990068738,0.0700929907009299,0.21242266115425906,0.009072166529781248,0.532926364268792,0.11818005759591378,0.32843399185905536,0.3357917118307975,13,13,5,10145.923076923076,10865.384615384615,9620.8,851.3415486503775,0.7430568665150828,-1.5249690301515393,2.007971541478,0.26314275035813717,-729.6141491442711,-0.6368123396393218,-1.5596236587443282,0.7127910257097704,0.1925822255362778,A2,16b,Postcentral,C,DKT,volume,rh,volume,False,True,46,B_con_ansiedad,0.6827317268273173,False,24
16b_postcentral_LGI_lh,31,"Q('16b_postcentral_LGI_lh') ~ C(Grupo, Treatment(reference='Voluntario Sano')) + Edad + C(Genero) + N_Educacional + STAI_Rasgo + BDI",4.659213958947129,2,23,0.020007485170021114,0.01902453030533898,0.020997900209979003,0.28833172026708564,0.03161152501207451,0.5284329575477832,0.020997802932736887,0.32793755276157954,0.8518952353860992,13,13,5,3.1713846153846155,3.3556153846153842,3.2923999999999998,-0.051140044334957224,-0.3888556579378091,-1.9429216014028627,1.4145844501148885,0.5536780846188266,-0.1814149973013082,-1.3794326745854015,-2.2749851817432734,0.09249104621798902,0.00772622502164763,A2,16b,Postcentral,C,DKT,LGI,lh,LGI,False,False,45,B_con_ansiedad,0.28017198280171984,False,18
16b_postcentral_LGI_rh,31,"Q('16b_postcentral_LGI_rh') ~ C(Grupo, Treatment(reference='Voluntario Sano')) + Edad + C(Genero) + N_Educacional + STAI_Rasgo + BDI",2.816640764455776,2,23,0.08051043913251091,0.05292276375921834,0.0791920807919208,0.19673894252125884,0.008596044981129917,0.41655183985353494,0.28574156550191404,0.9769026080134874,0.8963208701137283,13,13,5,3.1116153846153844,3.226153846153846,3.1546,0.018672816419441407,0.1464512107905964,-1.5359978300150197,1.7302763254654194,0.8229119489933682,-0.11876910083819153,-0.9315080398987781,-1.814953652358383,0.31844403921484693,0.060870952696000936,A2,16b,Postcentral,C,DKT,LGI,rh,LGI,False,False,45,B_con_ansiedad,0.33404659534046593,False,18
17_Thalamus_volume_lh,31,"Q('17_Thalamus_volume_lh') ~ C(Grupo, Treatment(reference='Voluntario Sano')) + Edad + C(Genero) + N_Educacional + STAI_Rasgo + BDI + eTIV",1.8963145847350003,2,22,0.17385922253904432,0.45872414266021333,0.17428257174282571,0.14704313951674333,0.0011574355243438757,0.4171782042893575,0.5266974298339029,0.7503333061741992,0.5780435028795354,13,13,5,7052.3153846153855,7361.030769230769,7220.960000000001,377.0031584145686,0.6955569169910009,-1.7299251628535122,2.2156950998527747,0.29403418612798454,-235.66344368816954,-0.4347903583316274,-1.6001142462162044,1.1469619052618911,0.3686937412820463,A2,17,Tálamo,S,aseg,volume,lh,volume,False,True,46,B_con_ansiedad,0.7454254574542546,False,24
17_Thalamus_volume_rh,31,"Q('17_Thalamus_volume_rh') ~ C(Grupo, Treatment(reference='Voluntario Sano')) + Edad + C(Genero) + N_Educacional + STAI_Rasgo + BDI + eTIV",2.4519483529231128,2,22,0.10931567310079204,0.2356667228525567,0.11378862113788621,0.18227458867624208,0.0032758001201453526,0.4127542548143565,0.502379482456258,0.7582389407901455,0.8831351763893426,13,13,5,6731.484615384616,7032.5230769230775,7036.18,74.72830322142352,0.1803199118723457,-1.9972958488829682,1.8082578927954889,0.7830911514126612,-353.4679707830926,-0.8529206551425024,-2.1331811340263416,0.9180704264621521,0.08553076305441104,A2,17,Tálamo,S,aseg,volume,rh,volume,False,True,46,B_con_ansiedad,0.6827317268273173,False,24
18_Amygdala_volume_lh,31,"Q('18_Amygdala_volume_lh') ~ C(Grupo, Treatment(reference='Voluntario Sano')) + Edad + C(Genero) + N_Educacional + STAI_Rasgo + BDI + eTIV",0.6836622646404937,2,22,0.5151700386846625,0.41641831307430277,0.5127487251274873,0.05851438094967307,8.050546139821396e-05,0.18952859769760716,0.11544107674803417,0.3192388710406219,0.7077345131371332,13,13,5,1629.0384615384614,1736.646153846154,1910.6200000000001,-85.52441208540375,-0.6312268913085093,-2.554188861132705,1.2184814986757586,0.33989092797246295,-66.1714226333755,-0.4883889919128224,-1.363767799353617,0.8294028987268984,0.31378691377055473,A2,18,Amígdala,S,aseg,volume,lh,volume,False,True,46,B_con_ansiedad,0.9035896410358963,False,24
18_Amygdala_volume_rh,31,"Q('18_Amygdala_volume_rh') ~ C(Grupo, Treatment(reference='Voluntario Sano')) + Edad + C(Genero) + N_Educacional + STAI_Rasgo + BDI + eTIV",0.03347067219557586,2,22,0.9671324207221002,0.9786273717221855,0.9652034796520348,0.0030335579066632394,0.00017664227311800124,0.004126696557753273,0.3589745723595576,0.7518698072649578,0.35284724658832267,13,13,5,1723.3153846153846,1776.853846153846,1964.7400000000002,19.090722424690398,0.12977274811394524,-2.1111186607854986,1.822140983342298,0.8428832476137087,-3.3782545432164355,-0.022964315658092618,-0.9396400890054075,1.1146196822012808,0.9617761373320332,A2,18,Amígdala,S,aseg,volume,rh,volume,False,True,46,B_con_ansiedad,0.9701029897010299,False,24
19_Cerebellum_Cortex_volume_lh,31,"Q('19_Cerebellum_Cortex_volume_lh') ~ C(Grupo, Treatment(reference='Voluntario Sano')) + Edad + C(Genero) + N_Educacional + STAI_Rasgo + BDI + eTIV",0.3577861277985835,2,22,0.703216392038827,0.7771506549967196,0.7062293770622937,0.03150139681912915,0.0001240858406856575,0.10532252639961857,0.15295592682456935,0.9688568162063071,0.6967528083747305,13,13,5,51029.938461538455,50607.22307692308,55446.1,664.0942897688319,0.19777051004438662,-1.805324143481635,2.2493156534284453,0.7627427842939531,1335.07577908133,0.39759206161632865,-1.0830854044177762,1.6583341433420735,0.410357791967416,A2,19,Cerebelo,S,aseg,volume,lh,volume,False,True,46,B_con_ansiedad,0.9620752210493236,False,24
19_Cerebellum_Cortex_volume_rh,31,"Q('19_Cerebellum_Cortex_volume_rh') ~ C(Grupo, Treatment(reference='Voluntario Sano')) + Edad + C(Genero) + N_Educacional + STAI_Rasgo + BDI + eTIV",0.2569779979387178,2,22,0.7756745581848637,0.8244542501095508,0.7778222177782221,0.022828329058275976,6.800719672911004e-05,0.06825152306221256,0.13853768406860426,0.9199441789581093,0.3851156367070678,13,13,5,50657.31538461538,50280.21538461539,55634.740000000005,88.46323910724459,0.027747801336297243,-2.17287839844965,2.0745702219637487,0.9661808881130147,981.7336860126574,0.3079352684746897,-1.0058141624589316,1.7131273863362604,0.5224239181132306,A2,19,Cerebelo,S,aseg,volume,rh,volume,False,True,46,B_con_ansiedad,0.9620752210493236,False,24
